player,player_id,position,team_name,player_game_count,assists,batted_passes,catch_rate,declined_penalties,forced_fumbles,franchise_id,fumble_recoveries,fumble_recovery_touchdowns,grades_coverage_defense,grades_defense,grades_defense_penalty,grades_pass_rush_defense,grades_run_defense,grades_tackle,hits,hurries,interception_touchdowns,interceptions,longest,missed_tackle_rate,missed_tackles,pass_break_ups,penalties,qb_rating_against,receptions,sacks,safeties,snap_counts_box,snap_counts_corner,snap_counts_coverage,snap_counts_defense,snap_counts_dl,snap_counts_dl_a_gap,snap_counts_dl_b_gap,snap_counts_dl_outside_t,snap_counts_dl_over_t,snap_counts_fs,snap_counts_offball,snap_counts_pass_rush,snap_counts_run_defense,snap_counts_slot,stops,tackles,tackles_for_loss,targets,total_pressures,touchdowns,yards,yards_after_catch,yards_per_reception
Torey Richardson,76711,CB,TEMPLE,10,2,0,52.9,0,0,306,0,0,65.9,65.2,37.6,51.7,65.2,52.6,0,0,0,1,46,20.7,6,5,5,60.0,18,0,0,27,448,258,511,9,0,0,9,0,4,502,4,249,23,7,21,1,34,0,0,213,98,11.8
Tyler Brown,98070,G,COLORADO,1,0,0,,1,0,143,0,0,,29.9,68.2,,42.3,,0,0,0,0,,,0,0,3,0.0,0,0,0,0,0,0,3,3,1,2,0,0,0,0,0,3,0,0,0,0,0,0,0,0,0,
Nate Temple,99726,ED,PITTSBURGH,2,0,0,,0,0,268,0,0,,56.0,75.6,54.9,58.3,,0,0,0,0,,,0,0,0,0.0,0,0,0,0,0,0,28,28,0,0,28,0,0,0,14,14,0,0,0,0,0,0,0,0,0,
Latrell Jean,100703,DI,TEMPLE,12,5,0,,0,0,306,0,0,60.0,64.7,85.0,66.4,60.8,56.9,0,10,0,0,,18.2,4,0,0,0.0,0,1,0,1,0,0,428,427,66,320,0,41,0,1,201,227,0,12,13,3,0,11,0,0,0,
DeMonte Capehart,122144,DI,CLEMSON,10,6,2,,0,0,140,0,0,50.3,69.1,20.2,67.3,74.2,80.6,2,3,0,0,,0.0,0,0,2,0.0,0,0,0,0,0,0,233,233,45,177,0,11,0,0,121,112,0,10,16,1,0,5,0,0,0,
R.J. Mickens,122153,S,CLEMSON,12,13,0,69.2,0,0,140,0,0,89.1,86.6,86.4,57.7,73.5,72.0,2,1,0,2,26,13.3,10,5,0,57.1,18,0,0,275,10,383,664,3,0,0,3,0,293,661,12,269,83,24,52,5,26,3,1,103,49,5.7
Tyler Venables,122163,S,CLEMSON,9,2,0,83.3,0,0,140,0,0,63.4,60.1,0.0,53.9,60.2,61.4,0,1,0,0,40,18.8,3,1,1,158.3,5,0,0,63,1,100,161,2,0,0,2,0,74,159,6,55,21,5,11,1,6,1,1,79,35,15.8
Jason Moore,122491,DI,GA TECH,10,3,0,,0,0,176,0,0,,76.6,78.5,66.3,78.0,75.2,0,3,0,0,,0.0,0,0,0,0.0,0,0,0,0,0,0,98,98,5,91,0,2,0,0,49,49,0,2,2,1,0,3,0,0,0,
Rashad Battle,123003,CB,PITTSBURGH,11,2,0,64.7,1,0,268,1,0,72.1,73.9,84.9,79.7,71.0,65.2,2,0,0,0,43,13.6,6,4,2,121.3,33,0,0,44,483,320,547,15,0,0,15,0,0,532,11,216,4,16,36,1,51,2,5,399,126,12.1
Anwar Sparrow,123054,LB,SYRACUSE,6,3,0,100.0,0,0,304,0,0,59.0,58.4,80.7,52.9,60.1,44.2,2,4,0,0,14,27.3,3,0,0,112.5,2,0,0,83,0,71,126,17,0,0,17,0,1,109,12,43,25,1,5,0,2,6,0,22,12,11.0
Wilfried Pene,123360,DI,VA TECH,12,9,1,,0,0,337,0,0,63.3,67.8,61.9,68.0,63.8,54.5,5,20,0,0,,15.4,4,0,1,0.0,0,1,0,0,0,0,400,400,15,360,14,11,0,0,233,167,0,12,13,4,0,26,0,0,0,
Nick Andersen,123370,S,WAKE,12,38,0,70.6,0,1,339,1,0,72.4,72.5,0.0,58.1,76.8,71.7,1,0,0,2,24,14.4,19,2,4,83.1,24,0,0,259,8,501,849,14,0,0,14,0,512,835,3,345,56,15,75,0,34,1,2,221,76,9.2
Wyatt Crespi,123381,DI,WAKE,8,0,0,,0,0,339,0,0,,63.8,77.4,57.6,65.6,70.2,0,0,0,0,,0.0,0,0,0,0.0,0,0,0,0,0,0,72,72,5,56,1,10,0,0,33,39,0,1,1,0,0,0,0,0,0,
Tamon Lynum,129699,CB,PITTSBURGH,12,5,0,57.6,1,0,268,0,0,64.5,62.7,25.1,61.9,56.4,50.6,0,0,0,1,45,19.4,7,3,2,78.0,19,1,0,25,345,217,380,6,0,0,6,0,0,374,2,161,2,7,24,1,33,1,1,241,76,12.7
Cameron Martinez,129752,CB,BOSTON COL,9,4,0,79.2,1,0,121,1,0,49.2,54.4,85.4,67.9,70.9,65.5,0,0,0,1,36,15.4,4,0,2,106.9,19,1,0,18,3,130,227,7,0,0,7,0,1,220,6,91,198,5,18,1,24,1,1,252,131,13.3
Preston Hodge,131462,CB,COLORADO,9,7,0,60.6,1,0,143,0,0,58.6,56.4,89.4,53.2,47.1,28.2,0,1,0,2,54,25.5,12,4,4,90.5,43,0,0,54,26,324,584,10,0,0,10,0,1,574,2,258,493,14,28,0,71,1,4,527,304,12.3
Dion Wilson Jr.,131600,DI,SYRACUSE,4,5,0,,0,0,304,0,0,60.0,66.1,81.7,61.6,66.2,65.5,0,4,0,0,,9.1,1,0,0,0.0,0,0,0,0,0,0,141,141,91,50,0,0,0,0,85,56,0,2,5,1,0,4,0,0,0,
Ivan Yates,139049,CB,COLORADO,7,1,0,100.0,0,0,143,0,0,73.1,74.0,76.8,,69.2,82.1,0,0,0,0,5,0.0,0,0,0,83.3,2,0,0,7,19,17,48,2,0,0,2,0,0,46,0,31,20,2,4,0,2,0,0,8,2,4.0
James Jennette,142415,ED,VA TECH,1,0,0,,0,0,337,0,0,,64.8,73.8,64.0,60.0,73.0,1,0,0,0,,,0,0,0,0.0,0,1,0,0,0,0,8,8,0,0,8,0,0,0,6,2,0,1,0,0,0,2,0,0,0,
Josh Gholston,143282,S,VA TECH,1,0,0,,0,0,337,0,0,60.8,60.5,67.5,,,,0,0,0,0,,,0,0,0,0.0,0,0,0,2,0,2,2,0,0,0,0,0,0,2,0,0,0,0,0,0,0,0,0,0,0,
Ty Clemons,143821,DI,BOSTON COL,7,0,0,,0,0,121,0,0,59.9,67.9,77.6,59.4,74.8,73.2,1,0,1,1,,0.0,0,0,0,0.0,0,0,0,0,0,1,57,57,2,36,12,7,0,0,41,15,0,2,2,1,0,1,0,0,0,
Donovan Ezeiruaku,143824,ED,BOSTON COL,12,16,0,,0,3,121,0,0,54.9,90.0,66.4,90.5,83.6,79.3,20,26,0,0,,8.1,5,0,2,0.0,0,14,0,39,0,35,766,721,0,0,719,2,0,45,429,302,6,42,41,6,0,60,0,0,0,
Quintayvious Hutchins,143827,ED,BOSTON COL,12,12,0,50.0,0,1,121,2,0,87.1,72.8,39.9,73.2,63.6,62.3,8,12,0,1,12,15.8,6,0,2,19.8,2,4,0,9,0,12,366,356,0,18,318,20,0,10,208,146,1,13,20,1,4,24,0,15,11,7.5
Owen McGowan,143832,LB,BOSTON COL,8,5,0,72.7,0,0,121,0,0,64.7,65.4,79.8,56.3,66.8,82.3,2,1,0,0,20,3.7,1,1,0,130.7,8,0,0,227,0,118,258,13,0,0,13,0,0,245,30,110,18,8,21,1,11,3,2,75,21,9.4
Bryce Steele,143838,LB,BOSTON COL,3,0,0,,0,0,121,0,0,72.0,72.6,75.0,57.5,67.6,77.4,0,1,0,0,,0.0,0,0,0,0.0,0,0,0,33,0,18,38,4,0,0,4,0,0,34,3,17,1,2,3,0,0,1,0,0,0,
Owen Stoudmire,143839,DI,BOSTON COL,12,11,0,,0,0,121,0,0,55.3,57.1,61.3,52.8,64.1,59.4,1,6,0,0,,10.7,3,0,1,0.0,0,1,0,0,0,5,378,378,62,235,22,59,0,0,221,152,0,10,14,1,0,8,0,0,0,
Placide Djungu-Sungu,143851,S,DUKE,2,0,0,100.0,0,0,154,0,0,49.5,52.1,68.9,,60.2,,0,0,0,0,23,,0,0,0,118.8,1,0,0,1,0,5,10,0,0,0,0,0,7,10,0,5,1,0,0,0,1,0,0,23,2,23.0
Tre Freeman,143853,LB,DUKE,12,17,0,71.9,0,1,154,2,0,70.9,70.1,84.8,62.3,68.1,56.7,2,8,0,2,22,14.9,10,1,0,70.2,23,1,0,409,4,290,582,39,0,0,39,0,1,543,43,249,129,22,40,2,32,11,1,183,126,8.0
Sahmir Hagans,143854,WR,DUKE,1,0,0,,1,0,154,0,0,,60.2,73.9,,60.0,,0,0,0,0,,,0,0,1,0.0,0,0,0,0,0,0,1,0,0,0,0,0,0,1,0,1,0,0,0,0,0,0,0,0,0,
Aaron Hall,143855,DI,DUKE,12,15,2,,1,0,154,0,0,60.0,67.4,55.4,74.0,61.6,73.0,6,16,0,0,,8.3,3,0,2,0.0,0,2,0,0,0,0,557,557,15,515,1,26,0,0,278,279,0,16,18,3,0,24,0,0,0,
Nick Morris Jr.,143867,LB,DUKE,1,0,0,,0,0,154,0,0,62.9,75.2,73.2,72.2,72.5,75.8,0,0,0,0,,0.0,0,0,0,0.0,0,1,0,21,0,11,21,0,0,0,0,0,0,21,0,10,0,1,1,1,0,1,0,0,0,
Daylon Gordon,143915,HB,GA TECH,1,0,0,,0,0,176,0,0,,60.0,60.0,60.0,,,0,0,0,0,,,0,0,0,0.0,0,0,0,0,0,0,1,0,0,0,0,0,0,1,1,0,0,0,0,0,0,0,0,0,0,
Sean Brown,143986,LB,NC STATE,12,16,0,84.2,0,2,248,3,0,56.6,60.5,87.6,66.5,58.2,58.4,3,14,0,0,71,17.2,16,1,0,113.0,32,4,0,516,2,307,779,183,0,0,183,0,13,596,153,319,65,41,61,4,38,21,1,343,238,10.7
Caden Fordham,143992,LB,NC STATE,6,9,0,83.3,0,0,248,1,0,71.9,73.6,0.0,78.0,68.0,82.1,4,5,0,0,22,9.1,4,2,2,104.9,10,1,0,300,0,140,321,19,0,0,19,0,0,302,48,133,2,26,31,2,12,10,0,110,117,11.0
Travali Price,144002,ED,NC STATE,12,8,0,,0,0,248,0,0,66.0,62.4,67.5,57.5,63.5,60.9,5,13,0,0,,10.3,3,0,1,0.0,0,2,0,0,0,0,498,498,8,40,113,337,0,0,298,200,0,15,18,4,0,20,0,0,0,
Dylan Bennett,144014,LB,PITTSBURGH,2,0,0,,0,0,268,0,0,,62.1,60.0,,60.5,74.4,0,0,0,0,,0.0,0,0,0,0.0,0,0,0,0,0,0,2,0,0,0,0,0,0,2,0,2,0,0,1,0,0,0,0,0,0,
Nick Lapi,144027,LB,PITTSBURGH,5,0,0,100.0,0,0,268,0,0,77.4,77.9,76.6,54.4,73.5,79.4,0,0,0,0,6,0.0,0,0,0,80.6,3,0,0,25,0,20,38,4,0,0,4,0,0,34,6,12,7,3,4,1,3,0,0,10,5,3.3
Javon McIntyre,144029,S,PITTSBURGH,12,13,0,66.7,0,0,268,1,0,60.1,65.5,86.7,63.2,74.5,70.1,1,0,0,0,53,14.3,8,3,1,113.0,28,0,0,257,0,287,527,2,0,0,2,0,93,525,1,239,174,13,35,2,42,1,3,318,140,11.4
Duce Chestnut,144040,S,SYRACUSE,12,18,0,52.2,0,1,304,0,0,75.5,73.4,89.0,73.7,65.4,53.3,1,3,0,1,42,19.7,15,5,1,67.7,12,1,0,244,9,382,661,47,0,0,47,0,273,614,14,265,88,24,43,3,23,5,1,142,48,11.8
Elijah Fuentes-Cundiff,144045,DI,SYRACUSE,9,5,0,,0,0,304,0,0,60.2,52.8,81.3,51.5,54.0,54.7,0,3,0,0,,11.8,2,0,0,0.0,0,0,0,0,0,1,189,189,15,121,25,28,0,0,99,89,0,6,10,0,0,3,0,0,0,
Derek McDonald,144059,LB,SYRACUSE,11,12,0,81.8,0,1,304,0,0,69.4,65.3,81.3,59.9,60.7,56.6,2,1,0,0,20,16.9,10,0,0,103.0,18,0,0,265,1,164,355,32,0,1,30,1,0,323,24,167,57,18,37,1,22,3,1,112,84,6.2
Chase Simmons,144067,ED,SYRACUSE,11,4,0,,1,0,304,0,0,66.0,54.5,14.0,55.4,55.5,41.2,1,3,0,0,,22.2,4,0,3,0.0,0,0,0,0,0,0,301,301,0,3,244,54,0,0,150,151,0,9,10,2,0,4,0,0,0,
Miles Ellis,144075,CB,VA TECH,1,0,0,,0,0,337,0,0,61.2,62.0,67.3,,,,0,0,0,0,,,0,0,0,0.0,0,0,0,0,2,2,2,0,0,0,0,0,0,2,0,0,0,0,0,0,0,0,0,0,0,
Will Johnson,144083,LB,VA TECH,1,1,0,,0,0,337,0,0,,70.9,69.2,,68.7,76.3,0,0,0,0,,0.0,0,0,0,0.0,0,0,0,5,0,0,5,0,0,0,0,0,0,5,0,5,0,0,1,0,0,0,0,0,0,
Jaden Keller,144086,LB,VA TECH,12,15,1,73.7,0,0,337,2,0,55.9,58.0,44.3,68.1,58.3,66.5,3,9,0,0,41,12.5,10,0,1,99.2,14,0,0,461,3,231,502,3,0,0,3,0,2,499,38,233,32,25,55,2,19,12,0,163,123,11.6
Jayden McDonald,144092,LB,VA TECH,2,0,0,,0,0,337,0,0,,67.2,70.0,,64.9,,0,0,0,0,,,0,0,0,0.0,0,0,0,3,0,0,4,1,0,0,1,0,0,3,0,4,0,0,0,0,0,0,0,0,0,
Jorden McDonald,144093,ED,VA TECH,2,1,0,,0,0,337,0,0,,65.0,75.7,63.8,62.6,73.0,1,0,0,0,,0.0,0,0,0,0.0,0,0,0,0,0,0,20,20,0,3,17,0,0,0,8,12,0,0,0,0,0,1,0,0,0,
Cade Denhoff,144114,ED,CLEMSON,13,6,0,50.0,0,0,140,1,0,48.9,55.6,61.7,57.5,57.6,54.4,0,9,0,0,12,23.1,3,0,1,68.8,1,2,0,0,0,10,327,327,2,0,297,28,0,0,179,138,0,4,4,1,2,11,0,12,3,12.0
Armon Mason,144124,ED,CLEMSON,9,1,0,,0,0,140,0,0,62.1,69.1,81.6,67.7,65.2,78.6,3,5,0,0,,0.0,0,0,0,0.0,0,0,0,0,0,4,104,104,0,1,95,8,0,0,54,46,0,6,6,3,0,8,0,0,0,
Zaire Patterson,144132,ED,CLEMSON,5,0,0,,0,0,140,0,0,60.0,60.1,76.1,54.0,65.0,71.1,0,0,0,0,,0.0,0,0,0,0.0,0,0,0,0,0,1,26,26,4,6,16,0,0,0,16,9,0,1,1,0,0,0,0,0,0,
Jackson Hamilton,144157,LB,GA TECH,10,5,0,70.6,0,0,176,1,0,49.2,53.7,26.3,50.0,64.7,74.0,0,0,0,0,21,7.4,2,0,1,87.1,12,0,0,191,2,137,269,39,0,0,39,0,2,230,24,108,35,10,20,0,17,0,0,107,75,8.9
Anthony Borriello,144180,S,WAKE,1,0,0,,0,0,339,0,0,,60.0,60.0,,60.0,,0,0,0,0,,,0,0,0,0.0,0,0,0,0,0,0,1,0,0,0,0,0,0,1,0,1,0,0,0,0,0,0,0,0,0,
Quincy Bryant,144181,LB,WAKE,12,15,0,76.5,0,2,339,0,0,86.8,84.7,81.7,72.1,78.3,63.3,1,5,0,1,16,13.8,8,0,0,62.9,13,0,0,288,0,175,363,35,0,0,35,0,0,328,25,163,40,20,35,4,17,6,0,88,66,6.8
Dylan Hazen,144192,LB,WAKE,12,23,0,83.6,0,0,339,1,0,57.7,69.8,54.2,71.9,80.3,75.7,3,7,0,1,33,9.3,8,0,1,93.8,46,1,0,566,4,364,667,17,0,0,17,0,1,650,33,270,79,25,55,5,55,11,0,458,246,10.0
Zach Lohavichan,144196,DI,WAKE,11,4,1,,0,0,339,0,0,60.0,66.4,83.8,59.8,68.0,68.5,0,5,0,0,,7.1,1,0,0,0.0,0,1,0,1,0,0,335,334,87,232,0,15,0,1,181,154,0,9,9,1,0,6,0,0,0,
BJ Williams,144214,ED,WAKE,12,11,0,,0,0,339,2,0,71.8,69.6,86.3,57.0,72.5,86.9,2,3,0,0,,0.0,0,0,0,0.0,0,1,0,4,0,27,351,339,0,13,258,68,0,12,164,160,8,12,16,1,0,6,0,0,0,
Omar Daniels,144605,S,GA TECH,11,9,0,69.2,0,0,176,0,0,59.0,64.0,85.3,55.0,76.6,66.0,0,0,0,0,22,13.2,7,3,1,112.2,18,0,0,174,3,253,438,29,0,0,29,0,90,409,19,166,141,11,37,3,26,0,2,167,104,9.3
Kelvin Gilliam Jr.,144637,DI,VA TECH,12,12,0,,0,0,337,0,0,70.0,68.5,83.9,61.1,68.5,65.9,3,13,0,0,,9.7,3,0,0,0.0,0,2,0,0,0,0,389,389,26,354,1,8,0,0,204,185,0,12,16,2,0,18,0,0,0,
Sedarius McConnell,144822,DI,BOSTON COL,11,4,0,,0,0,121,0,0,62.4,56.1,53.2,49.1,64.3,70.8,0,6,0,0,,5.9,1,0,1,0.0,0,0,0,1,0,3,282,281,2,197,45,37,0,1,182,97,0,9,12,1,0,6,0,0,0,
George Rooks,144941,DI,BOSTON COL,12,9,1,100.0,0,0,121,1,0,56.7,51.0,83.6,52.9,51.3,81.5,3,5,0,0,10,0.0,0,0,0,108.3,1,0,0,0,0,2,412,412,17,296,18,81,0,0,252,158,0,5,10,0,1,8,0,10,6,10.0
Jordan van den Berg,145085,DI,GA TECH,12,4,0,,0,0,176,2,0,68.7,75.0,84.0,65.6,76.8,52.9,4,6,0,0,,9.5,2,0,0,0.0,0,1,0,1,0,2,348,345,59,278,1,7,0,3,216,130,1,12,15,5,0,11,0,0,0,
Austin Dean,145145,LB,GA TECH,1,0,0,,0,0,176,0,0,47.1,29.7,0.0,59.3,43.1,37.7,0,0,0,0,,50.0,1,0,2,0.0,0,0,0,11,0,6,16,3,0,0,3,0,0,13,2,8,2,1,1,0,0,0,0,0,0,
Cam'Ron Stewart,145151,ED,TEMPLE,6,2,0,,0,0,306,0,0,60.0,68.1,82.8,60.0,69.8,52.4,3,7,0,0,,14.3,3,0,0,0.0,0,1,0,0,0,0,164,164,0,3,143,18,0,0,63,101,0,13,16,5,0,11,0,0,0,
Chazz Wallace,145384,DI,NC STATE,4,2,0,,0,0,248,0,0,,64.8,78.7,56.2,67.0,74.7,0,0,0,0,,0.0,0,0,0,0.0,0,0,0,0,0,0,55,55,52,3,0,0,0,0,23,32,0,2,2,1,0,0,0,0,0,
Louis Frye,145850,S,TEMPLE,10,3,0,62.5,0,0,306,0,0,70.8,70.8,81.7,57.1,69.2,61.3,0,0,0,0,16,10.5,2,1,0,113.0,5,0,0,124,1,135,246,1,0,0,1,0,87,245,3,108,33,4,14,0,8,0,1,37,18,7.4
Anquin Barnes Jr.,146615,DI,COLORADO,11,3,1,,1,0,143,0,0,45.6,47.5,0.0,57.5,56.9,46.9,0,0,0,0,,15.4,2,0,6,0.0,0,0,0,2,0,1,198,196,87,108,1,0,0,2,79,118,0,5,8,0,0,0,0,0,0,
Ahmari Harvey,146674,CB,GA TECH,12,4,0,55.2,1,1,176,1,0,67.9,70.7,85.6,,78.4,60.3,0,0,0,1,57,14.7,10,4,2,82.0,32,0,0,52,586,407,669,12,0,0,12,0,1,657,0,262,17,16,54,2,58,0,2,413,141,12.9
Derrick Davis Jr.,146794,HB,PITTSBURGH,1,0,0,,0,0,268,0,0,,60.0,60.0,,60.0,,0,0,0,0,,,0,0,0,0.0,0,0,0,0,0,0,1,0,0,0,0,0,0,1,0,1,0,0,0,0,0,0,0,0,0,
Arden Walker,146893,ED,COLORADO,12,5,0,100.0,0,1,143,0,0,52.0,80.5,63.5,89.9,67.2,68.4,3,16,0,0,19,9.7,3,0,1,118.8,2,5,0,0,0,2,343,342,0,5,330,7,0,1,187,154,1,21,23,2,2,24,0,36,28,18.0
Amari McNeill,146950,DI,COLORADO,11,8,0,,0,1,143,0,0,59.1,60.2,43.6,69.5,53.5,47.2,2,13,0,0,,13.8,4,0,2,0.0,0,3,0,0,0,0,441,441,15,339,4,83,0,0,251,190,0,14,17,4,0,18,0,0,0,
Andreas Keaton,150011,S,TEMPLE,12,18,0,72.0,0,0,306,1,0,64.0,65.5,88.1,82.4,62.5,75.7,1,1,0,1,45,12.3,9,3,0,128.2,18,0,0,325,2,375,753,15,0,0,15,0,303,738,8,370,108,10,46,0,25,2,3,259,96,14.4
Jeremiah Brown,150923,LB,COLORADO,3,2,0,,0,0,143,0,0,50.2,53.3,75.5,55.9,61.3,79.8,0,1,0,0,,0.0,0,0,0,0.0,0,0,0,29,1,13,42,6,0,0,6,0,0,36,8,21,6,1,2,0,0,1,0,0,0,
Ben Finneseth,154599,S,COLORADO,3,0,0,,0,0,143,0,0,61.6,62.4,67.9,,60.0,,0,0,0,0,,,0,0,0,0.0,0,0,0,2,0,3,8,0,0,0,0,0,6,8,0,5,0,0,0,0,0,0,0,0,0,
Tristan Marois,155288,ED,COLORADO,3,0,0,,0,0,143,0,0,,40.1,73.9,56.3,42.2,,0,1,0,0,,,0,0,0,0.0,0,0,0,0,0,0,11,11,0,0,11,0,0,0,3,8,0,0,0,0,0,1,0,0,0,
Amari Jackson,156221,CB,BOSTON COL,6,4,1,60.7,0,0,121,0,0,66.5,68.5,82.2,67.1,71.7,54.0,0,0,0,1,19,21.4,6,3,0,66.4,17,0,0,28,275,176,314,1,0,0,1,0,1,313,5,133,9,6,18,0,28,0,0,192,50,11.3
Edwin Kolenge,156222,ED,BOSTON COL,6,0,0,,0,0,121,0,0,60.2,70.6,80.5,66.9,68.7,27.0,0,2,0,0,,100.0,1,0,0,0.0,0,0,0,0,0,2,54,53,0,0,51,2,0,1,30,22,1,0,0,0,0,2,0,0,0,
Caden Story,156229,DI,CLEMSON,8,1,0,,0,0,140,0,0,,54.1,77.0,56.1,53.9,30.0,1,0,0,0,,25.0,1,0,0,0.0,0,0,0,0,0,0,55,55,4,37,12,2,0,0,35,20,0,1,2,0,0,1,0,0,0,
Jahiem Lawson,156235,ED,CLEMSON,13,8,0,,1,0,140,1,0,69.8,64.3,38.6,66.8,59.0,57.7,6,8,0,0,,15.8,3,0,2,0.0,0,2,0,0,0,13,341,338,0,5,306,27,0,3,193,135,3,8,8,2,0,16,0,0,0,
Wade Woodaz,156237,LB,CLEMSON,11,12,0,71.4,0,3,140,0,0,78.5,73.1,87.7,60.2,67.6,39.8,4,15,0,1,20,18.1,13,4,0,64.4,20,2,0,442,2,297,633,98,0,0,98,0,1,535,79,257,90,30,47,5,28,21,0,119,109,6.0
Kobe McCloud,156240,LB,CLEMSON,2,0,0,100.0,0,0,140,0,0,34.5,42.4,73.5,60.0,71.2,74.3,0,0,0,0,24,0.0,0,0,0,118.8,2,0,0,18,1,10,20,0,0,0,0,0,0,20,1,9,1,0,1,0,2,0,0,43,44,21.5
Kylon Griffin,156244,S,CLEMSON,12,4,0,50.0,0,0,140,0,0,66.0,63.1,84.0,58.9,54.2,66.2,0,1,0,1,23,15.6,5,1,1,42.2,8,0,0,132,1,217,365,1,0,0,1,0,179,364,1,147,52,2,23,0,16,1,0,94,75,11.8
Jeadyn Lukus,156247,CB,CLEMSON,13,2,0,56.8,0,0,140,0,0,73.3,69.7,0.0,56.6,58.1,68.3,0,0,0,1,43,14.7,5,6,4,71.8,21,0,0,29,454,277,502,5,0,0,5,0,2,497,3,222,12,7,27,1,37,0,1,219,110,10.4
Vincent Anthony Jr.,156256,ED,DUKE,11,5,3,100.0,1,0,154,0,0,77.0,68.1,19.2,69.5,63.7,75.3,6,20,0,0,4,9.5,2,0,4,79.2,2,6,0,2,0,18,453,451,2,2,441,6,0,2,255,180,0,18,14,2,2,32,0,4,2,2.0
Chandler Rivers,156257,CB,DUKE,12,17,0,50.0,0,2,154,1,0,89.7,90.6,88.1,91.3,76.4,75.0,3,5,1,3,30,11.7,7,5,1,60.8,25,2,0,60,626,446,855,21,0,0,21,0,16,834,29,380,132,15,36,5,50,10,3,264,114,10.6
Terry Moore,156258,S,DUKE,12,9,0,56.3,0,2,154,0,0,88.9,90.0,54.2,82.0,84.0,64.6,1,0,0,3,72,15.7,13,5,2,46.6,18,1,0,169,13,400,732,22,0,0,22,0,374,710,13,319,153,24,61,6,32,2,1,202,165,11.2
Rodney Shelley,156300,CB,GA TECH,11,3,0,65.7,0,0,176,0,0,71.5,71.5,86.1,62.6,66.1,43.9,1,0,0,0,53,24.1,7,3,1,113.6,23,0,0,34,182,276,442,6,0,0,6,0,0,436,5,161,220,9,19,5,35,1,2,317,138,13.8
K.J. Miles,156302,DI,TEMPLE,11,11,0,,0,0,306,0,0,,50.0,81.8,64.6,43.3,66.7,2,3,0,0,,5.0,1,0,0,0.0,0,0,0,0,0,0,207,207,36,139,0,32,0,0,83,124,0,6,8,0,0,5,0,0,0,
Clayton Powell-Lee,156305,S,GA TECH,12,17,0,62.1,1,0,176,1,0,58.4,63.4,87.0,58.4,73.6,59.8,0,3,0,0,21,16.9,11,2,1,89.0,18,1,0,245,4,379,632,25,0,0,25,0,190,607,19,234,167,14,37,0,29,4,1,165,138,9.2
Kyle Efford,156306,LB,GA TECH,10,16,0,90.9,0,0,176,0,0,67.5,66.5,42.9,68.3,61.8,77.3,3,5,0,0,20,7.6,5,1,2,115.5,20,4,0,382,0,225,435,36,0,0,36,0,6,399,47,163,11,30,45,2,22,12,1,178,95,8.9
Tawfiq Thomas,156312,DI,COLORADO,12,3,0,,0,0,143,0,0,60.9,58.2,0.0,66.5,57.2,67.5,1,4,0,0,,7.7,1,0,3,0.0,0,1,0,1,0,0,207,206,4,185,0,17,0,1,110,97,0,7,9,2,0,6,0,0,0,
Sean FitzSimmons,156358,DI,PITTSBURGH,8,9,0,,0,0,268,0,0,60.9,71.7,81.9,60.9,74.3,78.8,4,2,0,0,,2.7,1,0,0,0.0,0,0,0,0,0,0,285,285,7,272,0,6,0,0,143,142,0,21,27,3,0,6,0,0,0,
Samuel Okunlola,156361,ED,COLORADO,12,5,0,,1,0,143,0,0,60.4,67.0,29.5,68.4,66.3,82.1,4,15,0,0,,3.8,1,0,3,0.0,0,4,0,1,0,3,421,420,0,1,410,9,0,1,229,189,0,16,20,3,0,23,0,0,0,
Nick James,156413,DI,PITTSBURGH,11,6,0,,0,0,268,0,0,62.5,63.3,83.7,60.2,61.9,72.8,0,2,0,0,,5.0,1,0,0,0.0,0,1,0,0,0,0,354,354,22,331,0,1,0,0,166,188,0,12,13,3,0,3,0,0,0,
Jalil Martin,156472,S,SYRACUSE,2,0,0,100.0,0,0,304,0,0,65.5,67.1,72.3,,60.0,74.8,0,0,0,0,6,0.0,0,0,0,91.7,1,0,0,1,0,5,6,0,0,0,0,0,0,6,0,1,5,0,1,0,1,0,0,6,0,6.0
Javier Morton,156475,S,TEMPLE,11,9,0,79.2,0,0,306,0,0,58.9,63.4,24.9,60.0,71.9,90.2,0,0,0,1,53,5.4,3,3,1,141.0,19,0,0,204,8,160,375,1,0,0,1,0,90,374,1,214,72,14,44,0,24,0,3,303,109,15.9
Jaylen Wester,156530,LB,COLORADO,7,4,0,60.0,0,1,143,0,0,70.6,62.4,0.0,66.4,56.3,34.3,0,0,0,0,7,31.6,6,1,1,64.6,3,1,0,44,0,25,72,12,0,0,12,0,1,60,4,43,15,5,9,0,5,1,0,15,15,5.0
Terrell Foster,157075,LB,GEORGIA,3,1,0,100.0,0,0,173,0,0,56.9,59.5,72.3,59.7,64.1,49.3,0,0,0,0,12,33.3,1,0,0,116.7,1,0,0,15,0,11,21,1,0,0,1,0,0,20,1,9,5,0,1,0,1,0,0,12,5,12.0
JaCorey Thomas,157078,S,GEORGIA,8,1,0,60.0,0,0,173,0,0,61.5,55.8,81.6,47.1,44.5,27.5,0,1,0,0,11,50.0,4,2,1,67.1,3,0,0,19,1,66,114,9,0,0,9,0,3,105,6,42,82,0,3,0,5,1,0,18,31,6.0
Daylen Everette,157079,CB,GEORGIA,12,2,0,75.5,0,2,173,1,0,64.4,65.7,85.2,81.5,61.9,52.8,0,0,0,1,36,20.7,12,1,2,107.8,40,1,0,97,617,421,763,1,0,0,1,0,1,762,8,334,46,11,44,1,53,1,2,485,171,12.1
Quency Wiggins,157104,DI,COLORADO,3,0,0,,0,0,143,0,0,60.0,59.8,73.3,59.2,58.8,69.7,0,1,0,0,,0.0,0,0,0,0.0,0,0,0,0,0,0,20,20,0,15,5,0,0,0,14,6,0,1,1,0,0,1,0,0,0,
Jackson Vick,157406,CB,NC STATE,10,1,0,58.3,0,0,248,0,0,71.7,74.1,79.2,77.0,69.3,84.5,0,0,0,0,15,0.0,0,1,0,63.2,7,1,0,4,106,64,114,2,0,0,2,0,1,112,1,49,1,7,7,1,12,1,0,28,24,4.0
Isaiah Crowell,157407,S,NC STATE,6,2,0,66.7,0,0,248,1,0,62.4,59.7,80.3,55.8,54.4,38.4,1,0,0,0,29,33.3,2,0,0,106.3,2,0,0,16,0,41,74,9,0,0,9,0,6,65,4,29,43,2,2,1,3,1,0,35,8,17.5
T.K. Wright,157410,LB,TEMPLE,1,0,0,,0,0,306,0,0,,66.8,66.3,,63.9,73.6,0,0,0,0,,0.0,0,0,0,0.0,0,0,0,2,0,0,2,0,0,0,0,0,0,2,0,2,0,0,1,0,0,0,0,0,0,
Brandon Cleveland,157411,DI,NC STATE,12,14,1,,1,0,248,1,0,58.4,73.5,39.4,65.7,78.8,52.3,4,10,0,0,,12.8,5,0,3,0.0,0,1,0,12,0,2,530,518,490,28,0,0,0,12,295,233,0,17,20,2,0,15,0,0,0,
Zamari Stevenson,157530,CB,WAKE,10,1,0,75.0,0,0,339,0,0,61.7,65.4,83.0,60.0,80.5,62.7,0,0,0,1,30,18.2,6,1,2,111.2,21,0,0,25,186,186,291,1,0,0,1,0,0,290,1,104,78,10,26,1,28,0,2,253,104,12.0
Jaydn Girard,157536,WR,WAKE,1,0,0,,0,0,339,0,0,,60.0,60.0,,60.0,,0,0,0,0,,,0,0,0,0.0,0,0,0,0,0,0,1,0,0,0,0,0,0,1,0,1,0,0,0,0,0,0,0,0,0,
Devin Alves,157652,S,VA TECH,4,0,0,0.0,0,0,337,0,0,56.9,56.6,76.2,,57.0,77.2,0,0,0,0,,0.0,0,0,0,39.6,0,0,0,20,0,24,47,1,0,0,1,0,17,46,0,23,9,0,2,0,3,0,0,0,0,
Keyshawn Burgos,157654,ED,VA TECH,12,7,0,,0,0,337,1,0,60.7,58.3,45.6,57.3,61.0,43.2,4,11,0,0,,26.7,8,0,2,0.0,0,2,0,3,0,1,406,401,0,5,377,19,0,5,235,170,2,13,15,0,0,17,0,0,0,
Braden Keith,157713,CB,COLORADO,4,0,0,100.0,0,0,143,0,0,71.7,73.3,70.9,,60.0,74.2,0,0,0,0,2,0.0,0,0,0,79.2,1,0,0,0,8,3,8,0,0,0,0,0,0,8,0,5,0,1,1,0,1,0,0,2,-2,2.0
Devin Grant,157942,S,SYRACUSE,12,6,0,79.1,0,2,304,1,1,60.7,65.3,87.2,90.6,65.5,54.4,2,0,0,1,48,18.6,11,2,1,117.5,34,3,0,126,74,358,622,10,0,0,10,0,146,612,14,250,266,15,42,6,43,5,4,305,131,9.0
Denis Jaquez Jr.,158300,ED,SYRACUSE,9,8,0,,0,0,304,0,0,51.6,64.1,83.3,58.5,71.4,58.3,0,10,0,0,,10.5,2,0,0,0.0,0,2,0,1,0,1,235,234,0,15,166,53,0,1,142,92,0,8,9,0,0,12,0,0,0,
Kevin Jobity Jr.,158301,DI,SYRACUSE,5,0,0,,0,0,304,0,0,,63.0,21.7,66.0,62.4,65.2,1,8,0,0,,12.5,1,0,2,0.0,0,1,0,0,0,0,238,238,6,99,97,36,0,0,142,96,0,7,7,3,0,10,0,0,0,
Josh Kubala,158302,LB,SYRACUSE,2,0,0,,0,0,304,0,0,61.3,80.6,72.1,68.0,77.2,76.1,0,1,0,0,,0.0,0,0,0,0.0,0,1,0,12,0,4,12,0,0,0,0,0,0,12,4,4,0,2,1,0,0,2,0,0,0,
Cornell Perry,158305,S,SYRACUSE,2,0,0,,0,0,304,0,0,66.1,66.2,72.1,,60.1,74.3,0,0,0,0,,0.0,0,0,0,0.0,0,0,0,6,0,11,15,0,0,0,0,0,6,15,0,4,3,0,1,0,0,0,0,0,0,
Desmond Reid,159936,HB,PITTSBURGH,1,0,0,,0,0,268,0,0,,60.0,60.0,,60.0,,0,0,0,0,,,0,0,0,0.0,0,0,0,0,0,0,1,0,0,0,0,0,0,1,0,1,0,0,0,0,0,0,0,0,0,
Devon Marshall,160445,CB,NC STATE,11,6,0,52.1,0,1,248,0,0,74.5,74.0,83.5,70.8,65.1,66.2,0,0,0,2,50,12.8,5,8,2,74.1,25,0,0,65,367,288,473,0,0,0,0,0,5,473,3,182,36,8,28,0,48,0,3,290,134,11.6
Syeed Gibbs,161375,CB,GA TECH,9,2,0,60.0,0,2,176,0,0,50.7,55.6,88.0,69.9,68.0,59.2,0,2,0,0,28,25.0,6,0,4,86.1,21,1,0,26,1,193,321,31,0,0,31,0,17,290,9,119,245,6,16,3,35,3,1,206,105,9.8
Mateen Ibirogba,162142,DI,WAKE,4,0,0,,0,0,339,0,0,,53.1,0.0,61.9,59.9,71.3,0,0,0,0,,0.0,0,0,1,0.0,0,0,0,0,0,0,23,23,0,19,0,4,0,0,14,9,0,0,1,0,0,0,0,0,0,
Elijah Deravil,162618,LB,TEMPLE,12,15,0,76.5,0,0,306,1,0,72.5,74.0,44.8,75.5,73.8,70.8,0,2,0,1,33,12.1,7,1,2,74.6,13,1,0,227,19,267,531,26,0,0,26,0,51,505,16,248,208,14,36,2,17,3,0,136,63,10.5
Antwone Santiago,162623,LB,TEMPLE,10,7,0,66.7,0,0,306,0,0,57.4,69.4,80.4,66.2,73.6,81.8,0,1,0,0,7,3.6,1,0,0,70.1,2,0,0,112,0,46,145,22,0,0,22,0,0,123,9,90,11,14,20,0,3,1,0,9,5,4.5
Daveon Crouch,162660,LB,BOSTON COL,12,19,0,66.7,0,1,121,0,0,62.4,65.5,85.2,64.8,66.0,55.5,3,5,0,0,34,17.7,14,4,2,96.1,20,0,0,527,5,351,628,30,0,0,30,0,2,598,48,229,64,25,46,3,30,8,1,197,133,9.9
Isaiah Farris,162662,CB,BOSTON COL,4,1,0,66.7,0,0,121,0,0,57.0,58.2,75.1,,62.9,76.6,0,0,0,0,17,0.0,0,0,1,127.8,2,0,0,2,38,20,41,0,0,0,0,0,0,41,0,21,1,0,1,0,3,0,1,22,2,11.0
Kwan Williams,162676,DI,BOSTON COL,11,1,0,,0,0,121,0,0,,62.7,79.3,57.4,64.2,27.1,1,3,0,0,,37.5,3,0,0,0.0,0,0,0,0,0,0,130,130,24,59,6,41,0,0,55,75,0,4,4,0,0,4,0,0,0,
Juan Zabal,162679,LB,BOSTON COL,1,0,0,,0,0,121,0,0,61.0,53.9,71.2,,53.7,,0,0,0,0,,,0,0,0,0.0,0,0,0,5,0,3,6,1,0,0,1,0,0,5,0,3,0,0,0,0,0,0,0,0,0,
Michael Mankaka,162685,CB,CLEMSON,3,0,0,,0,0,140,0,0,63.8,57.5,0.0,,64.8,73.5,0,0,0,0,,0.0,0,0,1,0.0,0,0,0,0,16,6,16,0,0,0,0,0,0,16,0,10,0,0,1,0,0,0,0,0,0,
Levi Matthews,162686,ED,CLEMSON,3,0,0,,0,0,140,0,0,63.9,70.6,74.9,56.9,53.4,,0,0,0,1,,,0,0,0,0.0,0,0,0,0,0,0,18,18,0,0,18,0,0,0,7,11,0,0,0,0,0,0,0,0,0,
Dawson Andrew,162691,CB,DUKE,3,1,0,50.0,0,0,154,0,0,66.1,65.3,71.8,57.3,60.0,78.0,0,0,0,0,5,0.0,0,0,0,56.3,1,0,0,1,0,3,8,0,0,0,0,0,0,8,2,3,7,0,1,0,2,0,0,5,7,5.0
Travis Bates,162692,S,DUKE,2,0,0,100.0,0,0,154,0,0,66.7,66.4,74.6,,60.0,75.3,0,0,0,0,2,0.0,0,0,0,79.2,1,0,0,1,0,13,18,0,0,0,0,0,16,18,0,5,1,0,1,0,1,0,0,2,0,2.0
Wesley Williams,162704,ED,DUKE,12,7,1,66.7,0,1,154,0,0,71.3,70.1,58.8,70.6,64.9,52.6,8,23,0,0,8,20.5,9,1,2,77.1,2,9,1,0,0,24,583,583,2,3,557,21,0,0,315,244,0,27,28,6,3,40,0,14,4,7.0
George Wright,162705,S,DUKE,1,0,0,,0,0,154,0,0,,60.1,60.0,,60.0,,0,0,0,0,,,0,0,0,0.0,0,0,0,0,0,0,1,0,0,0,0,0,0,1,0,1,0,0,0,0,0,0,0,0,0,
Colbie Young,162739,WR,GEORGIA,1,0,0,,0,0,173,0,0,60.0,60.0,64.7,,,,0,0,0,0,,,0,0,0,0.0,0,0,0,0,0,1,1,0,0,0,0,0,1,1,0,0,0,0,0,0,0,0,0,0,0,
Kyle Louis,162770,LB,PITTSBURGH,12,22,1,75.0,0,1,268,0,0,82.5,83.1,85.0,69.7,84.2,77.5,7,17,1,4,21,12.4,13,1,0,53.0,33,7,0,407,0,315,767,115,0,1,114,0,0,652,121,331,244,53,70,11,44,31,0,278,249,8.4
Jimmy Scott,162774,ED,PITTSBURGH,12,5,2,100.0,0,1,268,0,0,60.4,72.6,37.9,69.9,74.3,73.4,7,24,0,0,12,8.0,2,0,3,116.7,1,6,0,1,0,0,513,512,0,0,494,18,0,1,287,226,0,20,18,3,1,37,0,12,17,12.0
Kemari Copeland,163180,DI,VA TECH,4,1,0,,0,0,337,0,0,,68.0,76.1,60.0,69.1,75.5,1,1,0,0,,0.0,0,0,0,0.0,0,0,0,0,0,0,48,48,1,47,0,0,0,0,20,28,0,1,4,0,0,2,0,0,0,
Isaiah Hastings,163594,ED,SYRACUSE,12,4,0,,0,0,304,0,0,60.0,52.7,41.0,52.2,56.9,77.4,1,4,0,0,,14.3,1,0,1,0.0,0,0,0,0,0,1,191,191,9,78,64,40,0,0,98,92,0,2,2,0,0,5,0,0,0,
Savion Riley,163725,S,COLORADO,5,1,0,100.0,0,0,143,0,0,67.5,65.2,74.2,59.2,61.0,85.2,0,0,0,0,8,0.0,0,0,0,125.0,4,0,0,36,0,31,74,1,0,0,1,0,31,73,1,42,6,1,8,1,4,0,1,18,2,4.5
E.J. Lightsey,163746,LB,GA TECH,7,3,0,85.7,0,0,176,0,0,57.4,62.1,82.3,57.9,67.7,62.5,1,1,1,1,25,11.8,2,0,0,118.8,6,0,0,129,0,77,151,13,0,0,13,0,0,138,12,62,9,9,12,0,7,2,2,100,61,16.7
Christen Miller,163747,DI,GEORGIA,11,11,0,,0,0,173,0,0,,80.3,83.9,69.6,81.9,70.4,1,16,0,0,,6.9,2,0,0,0.0,0,1,0,0,0,0,357,356,94,169,5,88,0,1,185,172,0,14,16,2,0,18,0,0,0,
Keaten Wade,163794,ED,COLORADO,6,3,0,100.0,0,0,143,1,0,53.0,73.9,83.3,65.2,80.3,74.2,2,3,0,0,23,6.7,1,0,0,118.8,1,5,0,17,0,5,105,88,0,0,87,1,0,17,57,43,0,11,11,3,1,10,0,23,20,23.0
Jamal Anderson,170000,LB,CLEMSON,6,2,0,,0,0,140,0,0,71.3,75.6,79.3,76.3,69.8,62.9,0,0,0,0,,14.3,1,0,0,0.0,0,1,0,43,0,26,78,27,0,0,27,0,0,51,4,48,8,3,4,0,0,1,0,0,0,
Khalil Barnes,170001,S,CLEMSON,13,14,0,53.7,0,0,140,0,0,61.8,60.0,54.9,48.6,59.8,63.8,0,3,0,3,38,16.2,11,2,2,55.1,29,0,0,214,7,410,734,13,0,0,13,0,185,721,21,303,315,12,43,1,54,3,1,327,172,11.3
Rob Billings,170002,S,CLEMSON,3,2,0,66.7,0,0,140,0,0,30.7,48.0,72.5,59.9,70.3,80.7,0,0,0,0,66,0.0,0,0,0,149.3,2,0,0,20,0,8,30,0,0,0,0,0,9,30,1,21,1,1,2,0,3,0,1,66,35,33.0
Vic Burley,170004,DI,CLEMSON,8,4,0,,0,0,140,0,0,60.0,67.1,78.5,57.0,69.7,77.9,0,1,0,0,,0.0,0,0,0,0.0,0,0,0,2,0,0,93,91,8,77,1,5,0,2,41,52,0,3,4,0,0,1,0,0,0,
Dee Crayton,170005,LB,CLEMSON,6,7,0,77.8,0,0,140,0,0,47.6,57.6,0.0,65.6,68.0,70.1,0,2,0,0,17,9.1,2,0,1,137.3,7,0,0,142,0,63,154,7,0,0,7,0,0,147,24,67,5,6,13,1,9,2,2,67,20,9.6
Stephiylan Green,170008,DI,CLEMSON,11,3,1,,0,0,140,0,0,61.8,73.2,83.1,68.1,71.6,80.2,0,12,0,0,,0.0,0,0,0,0.0,0,1,0,0,0,0,285,285,33,228,2,22,0,0,179,106,0,9,11,1,0,13,0,0,0,
Ronan Hanafin,170009,CB,CLEMSON,9,1,0,71.4,0,0,140,0,0,57.3,54.8,80.6,61.8,46.3,62.2,1,0,0,0,24,14.3,1,0,0,94.3,5,0,0,14,1,46,88,6,0,0,6,0,9,82,7,35,58,1,5,0,7,1,0,55,28,11.0
Shelton Lewis,170015,CB,CLEMSON,9,3,0,61.1,1,0,140,0,0,52.7,53.1,0.0,47.4,66.7,59.9,0,1,0,0,17,18.8,3,2,3,97.2,11,0,0,25,13,110,191,2,0,0,2,0,4,189,10,71,147,4,10,0,18,1,1,111,59,10.1
T.J. Parker,170021,ED,CLEMSON,13,11,0,100.0,0,4,140,1,0,69.9,85.2,56.9,83.8,79.4,64.4,9,23,0,0,22,18.6,8,0,2,118.8,2,11,0,0,0,16,564,564,0,25,501,38,0,0,322,226,0,29,24,5,2,43,0,28,7,14.0
Branden Strozier,170028,CB,CLEMSON,6,0,0,55.6,0,0,140,0,0,34.9,33.5,77.4,,38.3,25.4,0,0,0,0,65,50.0,4,0,0,137.5,5,0,0,2,68,41,73,0,0,0,0,0,3,73,0,32,0,0,4,0,9,0,1,123,55,24.6
Patrick Swygert,170030,DI,CLEMSON,2,0,0,,0,0,140,0,0,,50.4,66.3,,56.1,,0,0,0,0,,,0,0,0,0.0,0,0,0,0,0,0,2,2,0,2,0,0,0,0,0,2,0,0,0,0,0,0,0,0,0,
Avieon Terrell,170031,CB,CLEMSON,13,5,0,47.5,0,3,140,2,0,78.0,82.5,86.4,69.6,90.6,58.2,0,0,0,2,36,14.8,8,9,7,66.8,28,1,0,42,682,434,745,5,0,0,5,0,4,740,4,307,12,17,41,4,59,1,3,317,108,11.3
Kylen Webb,170033,S,CLEMSON,3,0,0,100.0,0,0,140,0,0,72.2,72.8,72.5,,67.8,78.7,0,0,0,0,9,0.0,0,0,0,104.2,1,0,0,13,0,8,25,0,0,0,0,0,9,25,0,17,3,3,3,0,1,0,0,9,6,9.0
Peter Woods,170034,ED,CLEMSON,10,10,0,,0,1,140,0,0,70.4,87.2,85.0,73.8,87.0,60.6,3,12,0,0,,17.6,6,0,0,0.0,0,3,0,0,0,4,335,335,26,142,122,45,0,0,182,149,0,19,18,5,0,18,0,0,0,
Desmond Aladuge,170036,DI,DUKE,7,2,0,,0,0,154,0,0,,49.3,15.8,53.2,53.1,27.1,0,1,0,0,,33.3,2,0,1,0.0,0,0,0,0,0,0,96,96,8,88,0,0,0,0,54,42,0,2,2,2,0,1,0,0,0,
David Anderson,170037,DI,DUKE,12,2,0,,0,0,154,0,0,60.0,57.3,79.6,62.9,52.8,38.9,1,3,0,0,,16.7,1,0,0,0.0,0,0,0,0,0,0,133,133,3,123,0,7,0,0,64,69,0,2,3,0,0,4,0,0,0,
Que'Sean Brown,170041,WR,DUKE,1,0,0,,0,0,154,0,0,,62.3,60.0,,61.9,70.3,0,0,0,0,,0.0,0,0,1,0.0,0,0,0,0,0,0,1,0,0,0,0,0,0,1,0,1,0,0,1,0,0,0,0,0,0,
Leon Griffin III,170047,S,DUKE,2,1,0,0.0,0,0,154,0,0,47.7,54.4,74.6,59.0,69.3,51.1,0,0,0,0,,25.0,1,0,0,39.6,0,0,0,1,0,16,26,1,0,0,1,0,20,25,1,9,4,0,2,0,2,0,0,0,0,
Kendall Johnson,170050,LB,DUKE,6,1,0,100.0,0,0,154,0,0,71.7,65.4,76.0,53.9,58.1,69.8,0,1,0,0,0,12.5,1,0,0,79.2,1,0,0,54,0,26,61,1,0,0,1,0,0,60,6,29,6,5,6,0,1,1,0,0,1,0.0
Moussa Kane,170053,CB,DUKE,1,0,0,,0,0,154,0,0,60.0,60.8,66.0,,60.0,,0,0,0,0,,,0,0,0,0.0,0,0,0,0,2,1,2,0,0,0,0,0,0,2,0,1,0,0,0,0,0,0,0,0,0,
Luke Mergott,170056,LB,DUKE,7,0,0,100.0,0,0,154,0,0,58.6,45.9,75.2,54.3,41.7,80.4,0,1,0,0,7,0.0,0,0,0,83.3,3,0,0,44,0,14,49,1,0,0,1,0,0,48,8,27,4,2,5,0,3,1,0,12,7,4.0
Kevin O'Connor,170057,DI,DUKE,6,2,0,,0,0,154,0,0,70.3,71.6,79.4,67.7,63.0,42.2,3,4,0,0,,25.0,2,0,0,0.0,0,1,0,2,0,2,82,80,22,3,24,31,0,2,63,17,0,3,4,0,0,8,0,0,0,
Kimari Robinson,170058,CB,DUKE,10,4,0,63.6,0,1,154,0,0,66.3,65.6,83.0,54.3,60.8,59.7,1,2,0,0,23,13.6,3,2,1,103.2,14,0,0,13,285,190,310,3,0,0,3,0,1,307,6,114,7,6,15,4,22,3,1,174,42,12.4
Terry Simmons Jr.,170059,DI,DUKE,3,0,0,,0,0,154,0,0,,61.4,71.3,57.8,62.5,69.7,0,0,0,0,,0.0,0,0,0,0.0,0,0,0,0,0,0,12,12,0,12,0,0,0,0,9,3,0,1,1,1,0,0,0,0,0,
DaShawn Stone,170060,S,DUKE,12,9,0,76.5,0,1,154,2,0,59.4,63.2,32.4,81.5,69.5,65.7,2,0,0,1,81,16.3,8,1,1,115.2,13,0,0,80,2,252,424,13,0,0,13,0,257,411,6,166,72,6,32,0,17,2,3,140,108,10.8
Shymeik Jones,170071,DI,GA TECH,1,0,0,,0,0,176,0,0,,71.7,72.1,66.9,67.1,,0,0,0,0,,,0,0,0,0.0,0,0,0,0,0,0,14,14,0,14,0,0,0,0,6,8,0,0,0,0,0,0,0,0,0,
Kaleb Spencer,170093,S,VA TECH,11,7,0,81.8,0,1,337,0,0,71.4,74.5,82.8,87.3,66.5,69.6,1,4,0,1,25,11.5,3,1,0,84.8,9,1,0,59,0,77,182,30,0,0,30,0,0,152,14,91,93,8,16,2,11,6,1,68,44,7.6
Braylan Lovelace,170119,LB,PITTSBURGH,11,8,0,78.3,0,0,268,0,0,69.3,62.0,84.3,60.1,52.8,42.1,1,2,1,1,12,26.1,12,0,0,62.1,18,4,1,255,0,176,413,76,0,0,76,0,0,337,56,181,81,21,26,5,23,7,0,75,105,4.2
Isaiah Neal,170121,DI,PITTSBURGH,12,9,0,,0,0,268,0,0,65.8,49.0,31.8,55.5,46.5,52.8,6,6,0,0,,15.8,3,0,2,0.0,0,1,0,30,0,2,370,339,86,247,4,2,0,31,240,128,0,6,7,2,0,13,0,0,0,
Kamal Bonner,170366,LB,NC STATE,11,10,0,92.3,1,0,248,0,0,56.4,60.6,17.0,61.5,65.8,43.4,4,8,0,0,20,25.0,14,0,4,99.7,12,1,0,236,0,136,419,122,0,0,122,0,1,297,86,197,60,24,32,6,13,13,0,103,65,8.6
Zack Myers,170376,S,NC STATE,2,0,0,,0,0,248,0,0,42.5,45.2,70.1,,60.0,,0,0,0,0,,,0,0,0,0.0,0,0,0,4,0,5,10,0,0,0,0,0,5,10,0,5,1,0,0,0,0,0,0,0,0,
Isaiah Shirley,170380,ED,NC STATE,11,7,0,,0,1,248,0,0,60.0,65.7,79.9,60.4,66.8,32.9,1,3,0,0,,26.3,5,0,0,0.0,0,1,0,0,0,0,192,192,4,9,29,150,0,0,99,93,0,5,7,1,0,5,0,0,0,
David Omopariola,170386,ED,SYRACUSE,12,3,0,100.0,0,0,304,1,0,57.8,60.4,20.2,67.0,57.6,61.8,1,5,0,0,5,11.1,1,0,1,87.5,1,1,0,28,0,17,127,99,1,0,84,14,0,28,61,49,0,3,5,3,1,7,0,5,0,5.0
Matthew Lusardi,170395,ED,WAKE,1,0,0,,0,0,339,0,0,,50.3,73.5,60.0,52.2,,0,0,0,0,,,0,0,0,0.0,0,0,0,0,0,0,7,6,0,0,6,0,0,1,1,6,1,0,0,0,0,0,0,0,0,
Isaiah Hardge,171894,WR,COLORADO,3,1,0,100.0,0,0,143,0,0,64.7,67.1,72.1,,65.4,78.0,0,0,0,0,9,0.0,0,0,0,104.2,1,0,0,3,0,5,16,0,0,0,0,0,0,16,0,11,13,0,1,0,1,0,0,9,6,9.0
Taje McCoy,171900,ED,COLORADO,12,2,0,,0,0,143,0,0,73.4,63.2,84.1,60.7,58.2,61.7,3,10,0,0,,18.2,2,0,0,0.0,0,2,0,5,0,3,161,156,0,0,156,0,0,5,115,43,0,5,7,0,0,15,0,0,0,
Carter Stoutmire,171907,S,COLORADO,12,6,0,55.0,1,1,143,0,0,81.1,75.7,40.6,67.8,61.6,66.7,1,1,0,0,13,13.3,6,6,1,65.0,11,0,0,90,10,285,500,5,0,0,5,0,211,495,3,212,184,12,33,0,20,2,0,82,31,7.5
RJ Johnson,172410,CB,COLORADO,3,1,0,,0,0,143,0,0,64.7,66.3,73.5,,65.8,74.2,0,0,0,0,,0.0,0,0,0,0.0,0,0,0,1,23,7,27,0,0,0,0,0,3,27,0,20,0,0,0,0,0,0,0,0,0,
Colton Hood,172450,CB,COLORADO,12,0,0,51.6,0,0,143,0,0,69.3,68.6,15.2,,69.6,27.9,0,0,0,2,49,38.5,10,5,2,49.0,16,0,0,57,176,195,291,0,0,0,0,0,0,291,0,96,58,6,16,1,31,0,0,229,86,14.3
Brandon Enarusai,173266,ED,TEMPLE,3,0,0,,0,0,306,0,0,,61.4,71.4,,60.8,,0,0,0,0,,,0,0,0,0.0,0,0,0,0,0,0,9,9,0,1,4,4,0,0,0,9,0,0,0,0,0,0,0,0,0,
Conlan Greene,173270,DI,TEMPLE,6,1,0,,0,0,306,0,0,,50.2,75.4,59.3,49.6,72.1,0,0,0,0,,0.0,0,0,0,0.0,0,0,0,0,0,0,33,33,6,26,0,1,0,0,4,29,0,1,1,0,0,0,0,0,0,
David Kpeglo,173276,LB,TEMPLE,1,0,0,,0,0,306,0,0,,60.0,65.7,,60.0,,0,0,0,0,,,0,0,0,0.0,0,0,0,0,0,0,1,1,0,0,1,0,0,0,0,1,0,0,0,0,0,0,0,0,0,
Jordan Montgomery,173277,ED,TEMPLE,6,1,0,,0,0,306,0,0,60.0,61.7,77.7,56.6,62.8,74.3,0,0,0,0,,0.0,0,0,0,0.0,0,0,0,0,0,1,29,29,0,0,27,2,0,0,7,21,0,0,1,0,0,0,0,0,0,
Ben Osueke,173278,CB,TEMPLE,10,4,0,58.8,0,1,306,0,0,64.9,67.2,28.3,54.5,79.0,58.8,0,1,0,0,63,17.2,5,2,3,111.5,20,0,0,55,354,203,421,2,0,0,2,0,0,419,1,217,10,4,20,0,34,1,2,333,113,16.7
Zyil Powell,173279,S,TEMPLE,4,0,0,0.0,0,0,306,0,0,62.6,56.8,78.5,,49.6,28.6,0,0,0,0,,44.4,4,0,0,39.6,0,0,0,27,1,21,64,1,0,0,1,0,30,63,0,43,5,1,5,0,2,0,0,0,0,
Tyrese Whitaker,173287,ED,TEMPLE,6,1,0,,0,0,306,0,0,70.5,61.2,81.2,54.6,60.7,77.9,0,1,0,0,,0.0,0,0,0,0.0,0,0,0,0,0,2,95,95,0,0,86,9,0,0,41,52,0,4,4,0,0,1,0,0,0,
Joenel Aguero,173536,S,GEORGIA,9,6,0,64.7,0,0,173,0,0,60.0,60.7,16.2,62.5,64.4,59.6,1,1,0,0,42,16.1,5,0,1,90.3,11,0,0,58,6,150,287,33,0,0,33,0,4,254,15,122,186,13,20,2,17,2,0,140,57,12.7
Raylen Wilson,173541,LB,GEORGIA,12,8,0,66.7,0,1,173,1,0,63.0,66.3,83.0,57.8,69.2,73.7,0,7,0,0,23,9.1,4,1,0,103.5,8,1,0,303,3,144,362,31,0,0,31,0,0,331,63,155,25,23,32,4,12,8,1,52,48,6.5
Jordan Hall,173549,DI,GEORGIA,4,0,0,,0,0,173,0,0,,49.6,73.1,56.9,50.0,73.9,0,0,0,0,,0.0,0,0,0,0.0,0,0,0,0,0,0,23,23,1,12,1,9,0,0,7,16,0,1,3,0,0,0,0,0,0,
Carter Davis,174003,S,BOSTON COL,11,7,0,72.2,0,2,121,0,0,80.1,69.8,42.4,58.4,45.7,59.8,0,0,0,3,44,19.0,11,2,1,71.5,13,1,0,165,2,345,580,1,0,0,1,0,368,579,5,230,44,9,40,1,18,1,0,211,60,16.2
Josiah Griffin,174004,ED,BOSTON COL,2,2,0,,0,0,121,0,0,,59.9,75.2,56.9,61.2,74.7,0,0,0,0,,0.0,0,0,0,0.0,0,0,0,0,0,0,14,14,0,0,14,0,0,0,5,9,0,0,0,0,0,0,0,0,0,
KP Price,174005,S,BOSTON COL,12,17,0,53.1,0,0,121,0,0,79.0,76.3,85.5,65.2,72.5,78.2,1,2,0,1,26,10.3,8,4,0,91.4,17,1,0,378,10,466,780,15,0,0,15,0,248,765,9,305,129,18,53,0,32,4,4,142,92,8.4
Zachary Tobe,174034,CB,GA TECH,12,3,0,58.3,0,0,176,0,0,71.4,73.2,79.7,,75.6,85.2,0,0,0,0,37,0.0,0,3,1,119.8,7,0,0,8,132,86,142,0,0,0,0,0,1,142,0,56,1,4,10,0,12,0,1,119,72,17.0
Xzavier McLeod,174324,DI,GEORGIA,9,4,2,,0,1,173,0,0,60.0,75.2,79.2,60.2,80.3,67.6,0,1,0,0,,8.3,1,0,0,0.0,0,1,0,0,0,0,123,123,21,61,4,37,0,0,66,57,0,5,7,0,0,2,0,0,0,
Jason Abbey,174772,ED,VA TECH,6,1,0,,0,0,337,0,0,61.7,63.3,78.1,60.8,62.2,76.1,0,0,0,0,,0.0,0,0,0,0.0,0,0,0,1,0,3,41,39,0,0,38,1,0,2,19,19,1,2,3,1,0,0,0,0,0,
George Ballance,174775,LB,VA TECH,2,0,0,66.7,0,0,337,0,0,42.5,34.3,71.2,,46.3,73.6,1,0,0,0,10,0.0,0,0,0,79.9,2,0,0,11,0,5,15,0,0,0,0,0,0,15,0,10,4,0,1,0,3,1,0,16,5,8.0
Cameren Fleming,174782,S,VA TECH,1,1,0,100.0,0,0,337,0,0,72.2,64.9,71.6,56.2,52.5,48.5,0,1,0,0,5,33.3,1,0,0,87.5,1,0,0,8,0,6,11,1,0,0,1,0,0,10,1,4,2,1,1,0,1,1,0,5,0,5.0
Josh Hand,174786,LB,VA TECH,1,0,0,,0,0,337,0,0,60.0,65.1,63.4,,61.9,73.1,0,0,0,0,,0.0,0,0,0,0.0,0,0,0,3,0,1,3,0,0,0,0,0,0,3,0,2,0,0,1,0,0,0,0,0,0,
Braylon Johnson,174790,S,VA TECH,1,0,0,,0,0,337,0,0,62.5,64.5,70.0,,60.0,74.3,0,0,0,0,,0.0,0,0,0,0.0,0,0,0,1,0,4,6,0,0,0,0,0,5,6,0,2,0,0,1,0,0,0,0,0,0,
Dante Lovett,174793,CB,VA TECH,12,2,0,41.2,0,0,337,0,0,60.9,58.8,0.0,,53.7,46.1,0,0,0,0,77,22.2,2,2,1,118.3,7,0,0,3,182,131,187,0,0,0,0,0,0,187,0,56,2,3,5,0,17,0,2,174,112,24.9
Aycen Stevens,174799,ED,VA TECH,8,1,1,,0,0,337,0,0,60.0,56.1,81.1,59.3,52.2,61.5,1,2,0,0,,16.7,1,0,0,0.0,0,0,0,0,0,0,94,94,0,2,89,3,0,0,53,41,0,3,4,1,0,3,0,0,0,
Thomas Williams,174800,CB,VA TECH,7,0,0,33.3,0,0,337,0,0,70.7,66.3,76.4,,40.3,29.2,0,0,0,0,11,50.0,2,1,0,42.4,2,0,0,2,52,39,55,0,0,0,0,0,0,55,0,16,1,0,2,0,6,0,0,15,3,7.5
Krystian Williams,174801,CB,VA TECH,1,0,0,,0,0,337,0,0,,60.6,67.1,,60.0,,0,0,0,0,,,0,0,0,0.0,0,0,0,2,3,0,5,0,0,0,0,0,0,5,0,5,0,0,0,0,0,0,0,0,0,
Caleb Woodson,174805,LB,VA TECH,12,23,0,87.5,0,1,337,0,0,45.6,59.0,84.5,57.8,70.3,82.6,4,4,0,1,26,8.5,6,1,1,101.6,21,3,0,466,2,256,546,16,0,0,16,0,0,530,48,242,61,25,42,3,24,11,1,221,174,10.5
Jaxon Mull,174965,CB,WAKE,12,4,0,74.3,0,0,339,0,0,59.3,58.8,84.6,,53.7,72.0,0,0,0,0,75,10.8,4,1,1,145.3,26,0,0,13,423,256,448,1,0,0,1,0,1,447,0,192,9,4,29,0,35,0,4,363,95,14.0
Palaie Faoa,175336,LB,BOSTON COL,2,0,0,100.0,0,0,121,0,0,41.5,52.2,71.7,60.0,71.6,73.1,0,0,0,0,24,0.0,0,0,0,118.8,1,0,0,11,0,4,13,2,0,0,2,0,0,11,1,8,0,1,1,0,1,0,0,24,25,24.0
Max Tucker,175345,CB,BOSTON COL,11,5,0,56.3,0,0,121,1,0,67.2,66.2,42.8,44.1,65.9,66.1,0,1,0,2,38,14.3,5,2,2,71.7,27,0,0,32,509,345,578,13,0,0,13,0,2,565,5,228,22,3,25,1,48,1,1,382,127,14.1
Chad Alexander,175356,HB,GA TECH,1,0,0,,0,0,176,0,0,,60.0,63.9,,60.0,,0,0,0,0,,,0,0,1,0.0,0,0,0,1,0,0,1,0,0,0,0,0,0,1,0,1,0,0,0,0,0,0,0,0,0,
Will Kiker,175365,CB,GA TECH,1,0,0,,0,0,176,0,0,,60.0,60.0,60.0,,,0,0,0,0,,,0,0,0,0.0,0,0,0,0,0,0,1,0,0,0,0,0,0,1,1,0,0,0,0,0,0,0,0,0,0,
Bailey Stockton,175368,WR,GA TECH,1,0,0,,0,0,176,0,0,51.7,46.5,60.0,,,21.3,0,0,0,0,,100.0,1,0,0,0.0,0,0,0,0,0,1,1,0,0,0,0,0,0,1,0,0,0,0,0,0,0,0,0,0,0,
Jesse Anderson,175406,S,PITTSBURGH,6,2,0,100.0,0,0,268,0,0,65.2,69.1,75.5,,72.0,71.5,0,0,0,0,12,14.3,1,0,0,116.7,1,0,0,37,0,20,43,0,0,0,0,0,3,43,0,23,2,2,4,0,1,0,0,12,1,12.0
Rasheem Biles,175408,LB,PITTSBURGH,11,17,4,68.0,0,1,268,1,0,78.7,81.2,54.6,89.4,71.3,75.8,3,5,1,1,25,12.2,9,3,1,82.8,17,6,0,293,0,190,477,114,0,0,114,0,0,363,82,205,68,39,48,7,25,14,1,164,150,9.6
Cruce Brookins,175409,S,PITTSBURGH,11,6,0,76.9,0,0,268,0,0,50.0,55.8,84.5,67.9,71.1,84.2,1,2,0,1,80,3.8,1,1,2,125.8,10,0,0,94,1,169,256,22,0,0,22,0,28,234,11,76,109,4,19,0,13,3,2,168,86,16.8
Maverick Gracio,175415,ED,PITTSBURGH,2,0,0,,0,0,268,0,0,,61.2,73.0,57.8,61.9,,0,0,0,0,,,0,0,0,0.0,0,0,0,0,0,0,11,11,0,0,10,1,0,0,3,8,0,0,0,0,0,0,0,0,0,
Shadarian Harrison,175416,CB,PITTSBURGH,1,0,0,0.0,0,0,268,0,0,70.4,69.9,69.0,58.3,,,0,0,0,0,,,0,0,0,39.6,0,0,0,0,6,5,6,0,0,0,0,0,0,6,1,0,0,0,0,0,1,0,0,0,0,
Kenny Johnson,175419,WR,PITTSBURGH,1,0,0,,0,0,268,0,0,,60.0,60.0,,60.0,,0,0,0,0,,,0,0,1,0.0,0,0,0,0,0,0,1,0,0,0,0,0,0,1,0,1,0,0,0,0,0,0,0,0,0,
Zach Zollers,175425,ED,PITTSBURGH,2,0,0,,0,0,268,0,0,60.0,57.6,75.1,54.7,61.1,,0,0,0,0,,,0,0,0,0.0,0,0,0,0,0,1,19,19,0,0,19,0,0,0,10,8,0,0,0,0,0,0,0,0,0,
Darius Taylor,175823,LB,VA TECH,1,0,0,,0,0,337,0,0,60.0,60.1,63.8,,,,0,0,0,0,,,0,0,0,0.0,0,0,0,0,0,1,1,0,0,0,0,0,0,1,0,0,1,0,0,0,0,0,0,0,0,
Brody Jones,176004,CB,VA TECH,1,1,0,,0,0,337,0,0,63.1,67.1,71.3,,66.7,76.1,0,0,0,0,,0.0,0,0,0,0.0,0,0,0,2,0,6,8,0,0,0,0,0,0,8,0,2,6,1,1,0,0,0,0,0,0,
Kelvon McBride,176007,LB,NC STATE,9,1,0,100.0,0,0,248,1,0,63.2,72.0,78.5,64.3,75.5,84.7,0,3,0,0,19,0.0,0,0,0,113.2,6,1,0,56,0,21,80,19,0,0,19,0,0,61,28,31,5,7,10,2,6,4,0,67,14,11.2
Rashard Perry,176021,DI,SYRACUSE,11,4,0,,0,0,304,0,0,61.6,68.1,56.4,64.7,68.6,62.9,0,11,0,0,,11.8,2,0,1,0.0,0,2,0,0,0,1,291,291,152,134,2,3,0,0,173,117,0,10,11,1,0,13,0,0,0,
Berry Buxton III,176038,S,SYRACUSE,10,4,0,85.7,0,0,304,0,0,45.5,48.8,84.6,60.0,56.9,68.6,0,0,0,0,40,13.8,4,1,1,106.5,12,0,0,121,4,218,359,8,0,0,8,0,162,351,1,140,64,7,21,0,14,0,0,134,57,11.2
Zyian Moultrie-Goddard,176040,LB,SYRACUSE,3,2,0,66.7,0,0,304,0,0,71.9,80.7,73.4,60.0,74.7,77.5,0,0,0,0,6,0.0,0,0,0,71.5,2,0,0,16,0,13,18,2,0,0,2,0,0,16,1,4,0,1,1,0,3,0,0,10,1,5.0
Ihsim Smith-Marsette,176046,S,TEMPLE,7,0,0,80.0,0,0,306,0,0,49.5,50.1,76.1,58.7,55.0,46.4,0,0,0,0,18,25.0,1,1,0,138.8,4,0,0,18,0,15,46,3,0,0,3,0,1,43,2,29,24,3,3,0,5,0,2,39,14,9.8
Chris Marable Jr.,176052,DI,WAKE,5,1,0,,0,0,339,0,0,,56.5,76.2,56.4,57.0,72.4,0,0,0,0,,0.0,0,0,0,0.0,0,0,0,0,0,0,42,42,11,28,0,3,0,0,15,27,0,1,1,0,0,0,0,0,0,
Ka'Shawn Thomas,176053,ED,WAKE,1,0,0,,0,0,339,0,0,,53.4,66.3,,58.1,21.8,0,0,0,0,,100.0,1,0,0,0.0,0,0,0,0,0,0,2,2,0,2,0,0,0,0,0,2,0,0,0,0,0,0,0,0,0,
William Tackie Jr.,176055,CB,WAKE,2,0,0,100.0,0,0,339,0,0,60.8,61.4,72.6,,60.8,76.6,0,0,0,0,17,0.0,0,0,0,108.3,3,0,0,0,18,10,18,0,0,0,0,0,0,18,0,8,0,0,2,0,3,0,0,30,6,10.0
Kerrington Lee,176058,ED,WAKE,10,0,0,66.7,1,0,339,0,0,27.9,43.2,22.6,57.7,53.3,77.8,0,1,0,0,45,0.0,0,0,1,109.7,2,0,0,1,0,7,115,110,0,7,91,12,0,5,43,65,4,4,4,1,3,1,0,47,43,23.5
Tyler Walton,176059,ED,WAKE,2,0,1,,0,0,339,0,0,,65.3,76.2,56.1,70.5,48.8,0,1,0,0,,25.0,1,0,0,0.0,0,0,0,0,0,0,34,34,0,2,25,7,0,0,19,15,0,3,3,1,0,1,0,0,0,
Aiden Hall,176060,LB,WAKE,9,4,0,62.5,0,0,339,0,0,59.8,52.9,78.5,65.5,43.6,47.8,0,0,0,0,21,21.4,3,1,0,77.1,5,1,0,141,0,83,159,4,0,0,4,0,0,155,3,73,13,3,7,0,8,1,0,44,27,8.8
Davaughn Patterson,176061,S,WAKE,12,22,0,81.6,0,2,339,0,0,73.0,69.1,61.6,55.7,67.2,65.4,0,4,0,1,31,13.2,10,3,1,105.4,40,0,0,202,2,378,710,117,0,0,117,0,39,593,56,276,350,14,44,3,49,4,3,316,217,7.9
Rushaun Tongue,176062,S,WAKE,12,4,0,37.5,0,1,339,0,0,67.0,72.8,84.3,,87.5,81.6,0,0,0,1,27,6.7,2,0,0,22.9,3,0,0,81,1,180,286,0,0,0,0,0,153,286,0,106,50,5,24,0,8,0,0,56,12,18.7
Travon West,176063,CB,WAKE,1,0,0,100.0,0,0,339,0,0,53.0,53.9,73.1,,61.0,74.2,0,0,0,0,11,0.0,0,0,0,110.4,2,0,0,2,19,12,21,0,0,0,0,0,0,21,0,9,0,0,1,0,2,0,0,21,-3,10.5
Micah Mays Jr.,176078,WR,WAKE,1,0,0,,0,0,339,0,0,,60.0,60.0,,60.0,,0,0,0,0,,,0,0,1,0.0,0,0,0,0,0,0,1,0,0,0,0,0,0,1,0,1,0,0,0,0,0,0,0,0,0,
Kyron Jones,176331,S,GEORGIA,3,0,0,,0,0,173,0,0,64.2,72.9,74.0,,77.4,81.4,0,0,0,0,,0.0,0,0,0,0.0,0,0,0,5,1,9,23,1,0,0,1,0,6,22,0,14,10,2,4,0,0,0,0,0,0,
Nahmier Robinson,176579,CB,COLORADO,1,0,0,0.0,0,0,143,0,0,60.0,64.4,63.5,,,,0,0,0,0,,,0,0,0,39.6,0,0,0,0,1,1,1,0,0,0,0,0,0,1,0,0,0,0,0,0,1,0,0,0,0,
Daniel Harris,182310,CB,GEORGIA,10,2,0,63.0,0,0,173,0,0,59.7,61.0,83.5,58.3,65.7,65.3,0,0,0,0,75,15.0,3,2,0,113.0,17,0,0,17,347,202,376,0,0,0,0,0,0,376,1,173,12,3,15,0,27,0,1,299,110,17.6
Chris Peal,182912,S,GEORGIA,2,0,0,,0,0,173,0,0,63.1,65.3,71.1,,64.1,75.3,0,0,0,0,,0.0,0,0,0,0.0,0,0,0,9,0,7,18,0,0,0,0,0,9,18,0,11,0,0,1,0,0,0,0,0,0,
Sammy Brown,183192,LB,CLEMSON,12,13,0,77.8,0,0,140,0,0,63.5,60.4,0.0,71.3,56.7,64.9,0,5,0,0,40,13.2,9,1,2,131.5,14,5,0,330,0,152,373,20,0,0,20,0,1,353,33,188,22,28,46,7,18,10,1,200,127,14.3
Noah Dixon,183195,CB,CLEMSON,1,0,0,,0,0,140,0,0,62.5,63.3,70.9,,60.0,,0,0,0,0,,,0,0,0,0.0,0,0,0,0,0,4,6,0,0,0,0,0,0,6,0,2,6,0,0,0,0,0,0,0,0,
Tavoy Feagin,183197,S,CLEMSON,2,0,0,,0,0,140,0,0,47.2,36.6,0.0,,60.0,,0,0,0,0,,,0,0,1,0.0,0,0,0,3,6,6,9,0,0,0,0,0,0,9,0,3,0,0,0,0,0,0,0,0,0,
Corian Gipson,183198,CB,CLEMSON,2,0,0,100.0,0,0,140,0,0,55.3,56.2,71.3,,60.8,,0,0,0,0,17,,0,0,0,158.3,1,0,0,2,11,8,14,0,0,0,0,0,0,14,0,6,1,0,0,0,1,0,1,17,10,17.0
Ricardo Jones,183200,S,CLEMSON,9,2,0,100.0,0,0,140,0,0,67.2,70.2,79.9,71.9,70.3,67.6,0,0,0,1,20,15.8,3,0,0,79.2,3,1,0,63,2,87,147,0,0,0,0,0,62,147,1,59,20,5,14,0,3,1,0,43,37,14.3
Champ Thompson,183203,DI,CLEMSON,3,1,0,,0,0,140,0,0,,64.1,75.3,54.3,67.9,73.4,0,0,0,0,,0.0,0,0,0,0.0,0,0,0,0,0,0,41,41,1,35,0,5,0,0,18,23,0,2,2,0,0,0,0,0,0,
Joe Wilkinson,183207,S,CLEMSON,1,1,0,,0,0,140,0,0,63.8,63.9,67.3,,,75.1,0,0,0,0,,0.0,0,0,0,0.0,0,0,0,1,0,3,3,0,0,0,0,0,1,3,0,0,1,0,0,0,0,0,0,0,0,
Jordan Boyd,183211,ED,GA TECH,4,0,0,,0,0,176,0,0,,65.9,75.9,54.5,70.0,75.2,0,1,0,0,,0.0,0,0,0,0.0,0,0,0,0,0,0,31,30,0,0,26,4,0,1,13,18,0,2,3,0,0,1,0,0,0,
Tah'j Butler,183212,LB,GA TECH,12,7,0,91.7,0,0,176,0,0,52.6,60.4,82.3,71.2,64.9,50.9,2,5,0,0,28,20.0,6,0,0,97.6,11,0,0,147,0,76,169,11,0,0,11,0,0,158,6,87,10,11,17,4,12,7,0,89,62,8.1
Francis Brewu,183267,DI,PITTSBURGH,11,5,0,,0,0,268,0,0,,75.6,82.1,66.2,77.1,53.9,3,3,0,0,,16.7,2,0,0,0.0,0,1,0,1,0,0,214,212,8,201,1,2,0,2,109,105,0,6,5,1,0,7,0,0,0,
Jeremiah Marcelin,183272,LB,PITTSBURGH,5,0,0,100.0,0,0,268,0,0,72.6,52.3,0.0,59.4,42.3,73.6,0,1,0,0,20,0.0,0,1,1,118.8,1,0,0,34,0,12,35,1,0,0,1,0,0,34,8,15,0,1,1,0,1,1,0,20,13,20.0
Caden Brown,183371,ED,SYRACUSE,3,0,0,,0,0,304,0,0,,61.8,76.0,60.9,60.0,,0,2,0,0,,,0,0,0,0.0,0,0,0,1,0,0,15,14,0,0,14,0,0,1,14,1,0,0,0,0,0,2,0,0,0,
KingJoseph Edwards,183372,ED,SYRACUSE,5,0,0,,0,0,304,0,0,,75.6,78.6,71.8,60.3,77.0,0,2,0,0,,,0,0,0,0.0,0,3,0,0,0,0,30,30,0,0,30,0,0,0,27,3,0,3,0,0,0,5,0,0,0,
Jahide Lesaine Jr.,183375,ED,SYRACUSE,2,0,0,,0,0,304,0,0,,66.4,72.1,66.1,61.1,29.9,0,0,0,0,,100.0,1,0,0,0.0,0,1,0,0,0,0,9,9,0,0,8,1,0,0,6,3,0,0,0,0,0,1,0,0,0,
Braheem Long Jr.,183376,S,SYRACUSE,6,1,0,75.0,0,0,304,0,0,40.0,37.6,76.7,,40.5,37.2,0,0,0,0,25,33.3,2,0,0,116.7,3,0,0,4,4,29,43,2,0,0,2,0,27,41,0,14,6,0,3,0,4,0,0,69,11,23.0
Maraad Watson,183380,DI,SYRACUSE,12,7,3,,1,0,304,0,0,59.5,66.4,3.6,58.2,78.5,57.2,0,9,0,0,,13.8,4,0,5,0.0,0,1,0,0,0,2,447,447,87,260,69,31,0,0,264,181,0,15,18,0,0,10,0,0,0,
Camden Hardy,183386,ED,WAKE,4,0,0,100.0,0,0,339,0,0,64.5,59.7,79.9,56.1,57.3,74.8,0,0,0,0,8,0.0,0,0,0,100.0,1,0,0,0,0,4,33,27,0,0,27,0,0,6,11,18,6,0,1,0,1,0,0,8,2,8.0
Darius Jones,183391,LB,WAKE,1,0,0,,0,0,339,0,0,63.5,57.0,68.8,,52.2,35.8,0,0,0,0,,33.3,1,0,0,0.0,0,0,0,8,0,3,10,0,0,0,0,0,0,10,0,7,2,0,2,0,0,0,0,0,0,
Myles Turpin,183398,S,WAKE,3,0,0,0.0,0,0,339,0,0,61.8,56.7,72.4,,52.8,28.4,0,0,0,0,,50.0,1,0,0,39.6,0,0,0,8,0,4,18,0,0,0,0,0,6,18,0,14,3,0,1,0,1,0,0,0,0,
Brandon Davis-Swain,183883,DI,COLORADO,2,1,0,,0,0,143,0,0,,64.0,72.2,57.1,65.3,70.2,0,0,0,0,,0.0,0,0,0,0.0,0,0,0,0,0,0,11,11,1,10,0,0,0,0,5,6,0,0,0,0,0,0,0,0,0,
KJ Bolden,184549,S,GEORGIA,12,10,0,56.0,0,1,173,0,0,78.0,77.9,85.3,65.1,74.9,75.2,0,1,0,1,13,10.5,6,1,1,59.8,14,1,0,139,2,303,482,0,0,0,0,0,268,482,5,174,73,15,41,0,25,2,1,86,49,6.1
Chris Cole,184554,LB,GEORGIA,9,2,0,69.2,0,1,173,2,1,69.3,70.4,80.0,53.4,77.4,67.5,0,3,0,0,20,12.5,2,1,1,81.9,9,0,0,64,5,66,107,18,0,0,18,0,0,89,18,23,20,6,12,2,13,3,0,69,19,7.7
Quintavius Johnson,184564,ED,GEORGIA,3,0,0,,0,0,173,0,0,60.0,72.2,77.7,60.7,74.4,75.2,0,0,0,0,,0.0,0,0,0,0.0,0,0,0,0,0,1,24,23,0,0,22,1,0,1,11,12,1,2,2,0,0,0,0,0,0,
Joseph Jonah-Ajonye,184565,ED,GEORGIA,4,0,0,,0,0,173,0,0,60.0,58.6,76.9,59.8,56.7,73.7,0,1,0,0,,0.0,0,0,0,0.0,0,0,0,0,0,0,49,49,0,5,20,24,0,0,21,28,0,1,2,0,0,1,0,0,0,
Demello Jones,184566,CB,GEORGIA,2,1,0,0.0,0,0,173,0,0,56.2,52.2,73.0,,48.9,28.3,0,0,0,0,,50.0,1,0,0,39.6,0,0,0,1,19,9,21,0,0,0,0,0,0,21,0,12,1,0,0,0,1,0,0,0,0,
Nnamdi Ogboko,184569,DI,GEORGIA,3,0,0,,0,0,173,0,0,,62.6,74.6,58.1,63.1,,0,0,0,0,,,0,0,0,0.0,0,0,0,0,0,0,18,18,9,9,0,0,0,0,5,13,0,0,0,0,0,0,0,0,0,
Ellis Robinson IV,184574,CB,GEORGIA,4,1,0,33.3,0,0,173,0,0,66.5,67.5,76.4,60.0,65.9,79.3,0,0,0,0,7,0.0,0,0,1,42.4,1,0,0,1,48,29,51,0,0,0,0,0,0,51,1,21,2,1,3,0,3,0,0,7,0,7.0
Jordan Thomas,184577,DI,GEORGIA,3,1,0,,0,0,173,0,0,,67.8,74.1,61.4,68.4,75.1,0,1,0,0,,0.0,0,0,0,0.0,0,1,0,0,0,0,30,30,0,25,0,5,0,0,16,14,0,3,3,0,0,2,0,0,0,
Justin Williams,184584,LB,GEORGIA,4,2,0,0.0,0,0,173,0,0,57.3,70.2,70.6,55.8,82.5,79.8,0,0,0,0,,0.0,0,0,0,39.6,0,0,0,20,0,10,24,0,0,0,0,0,0,24,4,10,4,2,2,1,1,0,0,0,0,
Sekou Kromah,184788,DI,TEMPLE,12,4,0,,0,0,306,0,0,60.0,59.9,53.5,63.7,58.4,40.3,2,11,0,0,,23.8,5,0,1,0.0,0,1,0,1,0,0,288,287,28,194,13,52,0,1,155,133,0,9,12,1,0,14,0,0,0,
Eric Stuart,184793,LB,TEMPLE,3,4,0,50.0,0,0,306,0,0,69.7,61.3,77.3,66.9,51.6,53.2,0,0,0,0,5,23.1,3,0,0,56.3,1,0,0,97,0,43,117,6,0,0,6,0,0,111,3,71,14,5,6,0,2,0,0,5,1,5.0
Katin Surprenant,184794,LB,TEMPLE,7,0,0,50.0,0,0,306,0,0,52.7,40.3,73.9,,36.2,22.9,0,0,0,0,12,70.0,7,0,0,57.3,2,0,0,41,0,17,46,0,0,0,0,0,0,46,0,29,5,3,3,0,4,0,0,13,8,6.5
Joshua Clarke,184928,CB,VA TECH,1,0,0,,0,0,337,0,0,,60.1,66.6,,60.0,,0,0,0,0,,,0,0,0,0.0,0,0,0,2,3,0,5,0,0,0,0,0,0,5,0,5,0,0,0,0,0,0,0,0,0,
Emmett Laws,184935,DI,VA TECH,1,0,0,,0,0,337,0,0,,59.9,63.6,59.4,,,0,0,0,0,,,0,0,0,0.0,0,0,0,0,0,0,1,1,0,0,0,1,0,0,1,0,0,0,0,0,0,0,0,0,0,
Quentin Reddish,184938,S,VA TECH,10,2,0,66.7,0,0,337,0,0,63.2,65.5,1.0,,74.7,75.5,0,0,0,0,29,10.5,2,0,1,140.0,6,0,0,90,2,142,242,1,0,0,1,0,89,241,0,100,60,3,15,0,9,0,1,98,23,16.3
Gabe Williams,184941,CB,VA TECH,1,1,0,,0,0,337,0,0,,70.6,66.2,,68.2,75.1,0,0,0,0,,0.0,0,0,0,0.0,0,0,0,1,0,0,2,0,0,0,0,0,0,2,0,2,1,0,0,0,0,0,0,0,0,
Hevin Brown-Shuler,189362,DI,CLEMSON,4,2,0,,0,0,140,0,0,,54.2,76.0,53.9,55.6,72.2,0,0,0,0,,0.0,0,0,0,0.0,0,0,0,0,0,0,49,49,1,45,1,2,0,0,19,30,0,0,0,0,0,0,0,0,0,
Ashton Hampton,189365,CB,CLEMSON,12,4,0,56.3,0,0,140,0,0,78.5,74.6,83.3,47.3,55.5,57.5,0,1,1,2,30,19.4,7,4,2,49.1,18,0,0,37,351,238,403,4,0,0,4,0,1,399,3,162,10,8,25,1,32,1,0,201,58,11.2
Aidan Hydrick,189366,DI,CLEMSON,1,0,0,,0,0,140,0,0,,60.0,64.4,59.8,,,0,0,0,0,,,0,0,0,0.0,0,0,0,0,0,0,1,1,0,1,0,0,0,0,1,0,0,0,0,0,0,0,0,0,0,
Darien Mayo,189368,ED,CLEMSON,3,1,0,,0,0,140,0,0,,63.9,77.3,65.0,61.0,33.8,0,0,0,0,,25.0,1,0,0,0.0,0,0,0,0,0,0,35,35,0,0,34,1,0,0,13,22,0,2,2,0,0,0,0,0,0,
Drew Woodaz,189373,LB,CLEMSON,2,1,0,0.0,0,0,140,0,0,60.6,43.8,74.2,58.4,42.3,26.4,0,1,0,0,,50.0,1,0,0,39.6,0,0,0,7,0,2,14,3,0,0,3,0,0,11,1,11,4,0,0,0,1,1,0,0,0,
Derrick Brown Jr.,189375,LB,DUKE,1,0,0,100.0,0,0,154,0,0,49.8,47.7,67.0,58.9,60.0,20.7,0,1,0,0,18,50.0,1,0,0,118.8,2,0,0,3,0,3,6,0,0,0,0,0,0,6,2,1,3,0,1,0,2,1,0,26,19,13.0
Landan Callahan,189376,CB,DUKE,1,0,0,,0,0,154,0,0,54.9,53.5,68.4,59.8,,28.3,0,0,0,0,,50.0,1,0,0,0.0,0,0,0,0,5,4,5,0,0,0,0,0,0,5,1,0,0,0,1,0,0,0,0,0,0,
Kyren Condoll,189378,CB,DUKE,1,0,0,,0,0,154,0,0,,60.0,64.0,,60.0,,0,0,0,0,,,0,0,0,0.0,0,0,0,1,0,0,1,0,0,0,0,0,0,1,0,1,0,0,0,0,0,0,0,0,0,
Vontae Floyd,189382,CB,DUKE,5,0,0,,0,0,154,0,0,64.6,64.0,74.3,59.8,60.0,,0,0,0,0,,,0,0,0,0.0,0,0,0,0,9,7,10,0,0,0,0,0,0,10,1,2,0,0,0,0,0,0,0,0,0,
Tyshon Reed,189390,ED,DUKE,9,0,0,,0,0,154,0,0,62.2,63.6,77.4,65.2,59.0,73.7,0,1,0,0,,0.0,0,0,0,0.0,0,1,0,0,0,5,43,42,0,1,41,0,0,1,17,21,0,2,1,1,0,2,0,0,0,
Kobe Smith,189395,ED,DUKE,2,0,0,,0,0,154,0,0,60.0,72.8,71.1,71.8,,,0,0,0,0,,,0,0,0,0.0,0,0,0,0,0,1,7,7,0,0,7,0,0,0,6,0,0,0,0,0,0,0,0,0,0,
Preston Watson,189399,DI,DUKE,12,1,0,,0,0,154,1,0,60.5,60.2,39.5,64.7,57.4,53.4,1,4,0,0,,11.1,1,0,1,0.0,0,1,0,0,0,0,189,189,3,181,0,5,0,0,99,90,0,8,7,1,0,6,0,0,0,
Amontrae Bradford,189411,ED,GA TECH,1,1,0,,0,0,176,0,0,,61.2,72.6,57.7,61.7,72.2,0,0,0,0,,0.0,0,0,0,0.0,0,0,0,0,0,0,7,7,0,0,7,0,0,0,4,3,0,0,0,0,0,0,0,0,0,
Nehemiah Chandler,189413,CB,GA TECH,1,0,0,100.0,0,0,176,0,0,55.3,56.3,72.2,,61.2,,0,0,0,0,2,,0,0,0,118.8,1,0,0,0,15,7,15,0,0,0,0,0,0,15,0,8,0,0,0,0,1,0,1,2,0,2.0
Christian Pritchett,189426,S,GA TECH,2,0,0,,0,0,176,0,0,62.2,64.6,70.9,57.2,65.0,,0,0,0,0,,,0,0,0,0.0,0,0,0,5,0,5,16,1,0,0,1,0,8,15,3,8,1,0,0,0,0,0,0,0,0,
Davin Brewton,189530,LB,PITTSBURGH,1,1,0,,0,0,268,0,0,,75.7,67.9,,73.2,75.8,0,0,0,0,,0.0,0,0,0,0.0,0,0,0,6,0,0,6,0,0,0,0,0,0,6,0,6,0,1,1,0,0,0,0,0,0,
Cameron Lindsey,189537,LB,PITTSBURGH,2,0,0,,0,0,268,0,0,63.4,64.1,71.9,,60.9,,0,0,0,0,,,0,0,0,0.0,0,0,0,1,0,7,13,0,0,0,0,0,0,13,0,6,12,0,0,0,0,0,0,0,0,
Jahsear Whittington,189542,DI,PITTSBURGH,4,0,0,,0,0,268,0,0,60.0,63.6,76.2,63.9,61.5,73.4,0,0,0,0,,0.0,0,0,0,0.0,0,0,0,2,0,0,43,41,2,38,0,1,0,2,10,33,0,2,3,1,0,0,0,0,0,
Charlie Comella,190184,CB,BOSTON COL,1,0,0,,0,0,121,0,0,60.0,61.2,71.1,,60.3,,0,0,0,0,,,0,0,0,0.0,0,0,0,0,0,1,6,0,0,0,0,0,0,6,0,5,6,0,0,0,0,0,0,0,0,
Ashton McShane,190196,CB,BOSTON COL,10,6,0,60.6,0,0,121,0,0,64.4,65.2,83.7,58.6,66.5,65.9,0,0,0,0,44,13.0,3,5,1,107.1,20,0,0,18,313,205,354,7,0,0,7,0,1,347,2,147,15,4,14,1,33,0,2,272,66,13.6
Omar Thornton,190201,S,BOSTON COL,7,4,0,50.0,0,0,121,0,0,66.6,62.5,80.7,74.0,48.5,32.8,1,0,0,0,19,21.2,7,0,0,65.0,5,1,0,103,1,139,233,3,0,0,3,0,77,230,5,89,49,8,22,3,10,2,0,51,28,10.2
Syair Torrence,190202,CB,BOSTON COL,1,0,0,100.0,0,0,121,0,0,52.0,49.7,71.1,,60.2,,0,0,0,0,8,,0,0,0,100.0,1,0,0,0,0,2,6,0,0,0,0,0,0,6,0,4,6,0,0,0,1,0,0,8,9,8.0
Tyree Alualu,190653,LB,TEMPLE,5,3,0,50.0,0,1,306,0,0,58.8,56.2,76.3,53.9,55.8,53.5,0,0,0,0,7,21.4,3,0,0,58.3,1,0,0,93,0,41,111,2,0,0,2,0,0,109,5,65,16,5,8,0,2,0,0,7,9,7.0
Sultan Badmus,190654,ED,TEMPLE,12,3,0,,0,0,306,0,0,65.1,59.4,56.9,59.1,56.8,53.4,1,6,0,0,,16.7,2,0,1,0.0,0,1,0,0,0,0,287,287,0,8,231,48,0,0,128,159,0,7,7,1,0,8,0,0,0,
Wesley Brown,190656,LB,TEMPLE,1,1,0,,0,0,306,0,0,60.0,90.6,70.9,,90.6,78.7,0,0,0,0,,0.0,0,0,0,0.0,0,0,0,10,0,1,10,0,0,0,0,0,0,10,0,9,0,3,3,0,0,0,0,0,0,
Denzel Chavis,190657,CB,TEMPLE,2,0,0,,0,0,306,0,0,61.8,63.1,69.7,,60.0,,0,0,0,0,,,0,0,0,0.0,0,0,0,3,9,4,12,0,0,0,0,0,0,12,0,8,0,0,0,0,0,0,0,0,0,
Adrian Laing,190664,CB,TEMPLE,3,0,0,100.0,0,0,306,0,0,51.1,54.3,74.2,,63.7,,0,0,0,0,27,,0,0,0,118.8,1,0,0,3,26,7,30,0,0,0,0,0,0,30,0,23,1,0,0,0,1,0,0,27,0,27.0
Khalil Poteat,190669,ED,TEMPLE,6,3,1,,0,0,306,0,0,,62.6,81.5,59.1,63.6,55.0,0,2,0,0,,20.0,1,0,0,0.0,0,0,0,0,0,0,134,134,0,3,103,28,0,0,69,65,0,1,1,1,0,2,0,0,0,
Russell Sykes IV,190672,DI,TEMPLE,3,1,0,,0,0,306,0,0,,29.9,72.9,60.0,31.0,28.1,0,0,0,0,,50.0,1,0,0,0.0,0,0,0,0,0,0,17,17,1,16,0,0,0,0,1,16,0,0,0,0,0,0,0,0,0,
Gage Goldberg,190784,ED,COLORADO,1,0,0,,0,0,143,0,0,,60.9,71.8,,60.5,71.1,0,0,0,0,,0.0,0,0,0,0.0,0,0,0,3,0,0,7,4,0,0,4,0,0,3,0,7,0,0,1,0,0,0,0,0,0,
Nathaniel Watson,190794,CB,COLORADO,2,0,0,0.0,0,0,143,0,0,63.6,64.3,71.0,,60.0,,0,0,0,0,,,0,0,0,39.6,0,0,0,0,2,4,5,0,0,0,0,0,0,5,0,1,3,0,0,0,1,0,0,0,0,
Josh Alexander-Felton,190863,ED,NC STATE,2,0,0,,0,0,248,0,0,,64.7,0.0,57.0,76.9,29.4,0,0,0,0,,0.0,0,0,1,0.0,0,0,0,0,0,0,12,12,0,1,3,8,0,0,5,7,0,1,1,0,0,0,0,0,0,
Justin Terrell,190874,DI,NC STATE,3,0,0,,0,0,248,0,0,,65.7,74.4,64.6,62.3,,0,2,0,0,,,0,0,0,0.0,0,0,0,0,0,0,16,16,14,2,0,0,0,0,9,7,0,0,0,0,0,2,0,0,0,
Ben Grice,190948,WR,WAKE,1,0,0,,0,0,339,0,0,,60.0,60.0,,60.0,,0,0,0,0,,,0,0,0,0.0,0,0,0,0,0,0,1,0,0,0,0,0,0,1,0,1,0,0,0,0,0,0,0,0,0,
Justin Greene,191148,DI,GEORGIA,1,0,0,,0,0,173,0,0,,63.6,70.1,59.0,63.3,,0,0,0,0,,,0,0,0,0.0,0,0,0,0,0,0,6,6,0,0,1,5,0,0,2,4,0,0,0,0,0,0,0,0,0,
Nasir Johnson,191152,DI,GEORGIA,2,0,0,,0,0,173,0,0,,47.2,71.1,58.8,49.0,,0,0,0,0,,,0,0,0,0.0,0,0,0,0,0,0,11,11,2,5,0,4,0,0,5,6,0,0,0,0,0,0,0,0,0,
Ibn McDaniels,197075,CB,SYRACUSE,1,0,0,100.0,0,0,304,0,0,64.6,65.5,70.1,60.0,60.0,74.2,0,0,0,0,5,0.0,0,0,0,87.5,1,0,0,2,5,5,8,1,0,0,1,0,0,7,1,2,0,0,1,0,1,0,0,5,2,5.0
