player,player_id,position,team_name,player_game_count,block_percent,declined_penalties,franchise_id,grades_offense,grades_pass_block,grades_run_block,hits_allowed,hurries_allowed,non_spike_pass_block,non_spike_pass_block_percentage,pass_block_percent,pbe,penalties,pressures_allowed,sacks_allowed,snap_counts_block,snap_counts_ce,snap_counts_lg,snap_counts_lt,snap_counts_offense,snap_counts_pass_block,snap_counts_pass_play,snap_counts_rg,snap_counts_rt,snap_counts_run_block,snap_counts_te
Mark Petry,123053,G,SYRACUSE,12,100.0,0,304,60.9,66.1,56.5,3,17,596,100.0,100.0,97.8,3,23,3,958,0,0,0,958,632,632,956,0,326,0
Ryan Linthicum,144122,C,CLEMSON,13,100.0,1,140,66.9,69.9,63.9,3,14,524,100.0,100.0,97.8,2,20,3,899,899,0,0,899,554,554,0,0,345,0
Blake Miller,156248,T,CLEMSON,13,100.0,0,140,75.1,77.1,68.2,2,14,503,100.0,100.0,98.2,1,17,1,861,0,0,101,861,533,533,0,754,328,6
Ryan Baer,156362,T,PITTSBURGH,12,100.0,0,268,57.3,53.2,63.6,6,30,550,100.0,100.0,95.8,6,41,5,853,0,0,308,853,590,590,0,545,263,0
BJ Williams,170127,G,PITTSBURGH,12,100.0,1,268,65.5,70.8,63.0,7,13,550,100.0,100.0,97.6,3,23,3,853,0,0,0,853,590,590,853,0,263,0
Keylan Rutledge,156597,G,GA TECH,12,100.0,0,176,64.4,78.5,60.4,1,3,394,100.0,100.0,99.5,2,4,0,833,0,0,2,833,413,413,830,0,420,1
Jordan Seaton,183886,T,COLORADO,12,100.0,3,143,67.4,77.1,61.2,5,20,536,100.0,100.0,97.3,14,27,2,816,0,0,816,816,578,578,0,0,238,0
Matt Craycraft,162694,C,DUKE,12,100.0,0,154,68.6,77.7,63.4,0,4,439,100.0,100.0,99.1,1,6,2,811,811,0,0,811,466,466,0,0,345,0
Brian Parker II,162699,T,DUKE,12,100.0,1,154,79.9,86.6,69.8,1,5,439,100.0,100.0,99.3,3,6,0,810,0,0,50,810,466,466,0,758,344,2
Jacarrius Peak,157418,T,NC STATE,12,99.9,2,248,78.7,79.6,75.9,2,11,428,99.8,99.8,98.0,7,15,2,779,0,1,40,780,459,460,0,723,320,12
Anthony Carter Jr.,122856,G,NC STATE,12,99.7,2,248,69.1,70.8,69.0,2,10,424,99.8,99.6,98.6,5,12,0,765,0,762,0,767,454,456,0,0,311,1
Bruno Fina,131791,T,DUKE,11,99.9,0,154,48.3,40.8,53.2,3,21,416,99.8,99.8,96.2,4,28,4,759,0,0,746,760,441,442,0,0,318,14
Lyndon Cooper,143987,C,PITTSBURGH,11,100.0,0,268,68.4,76.7,63.8,3,7,479,100.0,100.0,98.5,3,12,2,752,749,3,0,752,515,515,0,0,237,0
Joe Fusile,143914,G,GA TECH,12,100.0,0,176,60.5,66.3,57.6,4,8,352,100.0,100.0,98.0,1,13,1,745,0,741,0,745,370,370,0,0,375,3
Jude Bowry,156223,T,BOSTON COL,12,100.0,0,121,70.5,76.2,64.7,3,15,321,100.0,100.0,96.6,1,20,2,728,0,0,715,728,335,335,0,0,393,13
Da'Metrius Weatherspoon,154759,T,SYRACUSE,12,99.9,0,304,64.6,64.0,63.8,3,17,430,99.8,99.8,96.7,2,24,4,701,0,0,699,702,454,455,0,0,247,0
Logan Taylor,151098,G,BOSTON COL,11,100.0,0,121,64.5,65.3,66.6,3,11,315,100.0,100.0,97.8,5,14,0,695,0,695,0,695,330,330,0,0,365,0
Tristan Leigh,144121,T,CLEMSON,11,100.0,2,140,64.6,64.0,63.1,4,14,395,100.0,100.0,97.2,3,20,2,682,0,0,680,682,418,418,0,1,264,1
Walker Parks,122156,G,CLEMSON,13,100.0,1,140,59.0,51.0,59.2,5,16,398,100.0,100.0,96.6,1,24,3,668,0,0,0,668,423,423,558,110,245,0
Justin Pickett,143870,G,DUKE,10,100.0,0,154,72.1,81.9,68.5,0,5,356,100.0,100.0,98.7,1,7,2,663,0,0,0,663,378,378,612,51,285,0
Grayson Mains,158120,C,TEMPLE,10,100.0,1,306,49.8,40.7,51.1,7,12,353,100.0,100.0,95.9,1,24,5,623,587,36,0,623,379,379,0,0,244,0
Tyler Brown,98070,G,COLORADO,12,100.0,1,143,58.5,64.0,54.4,0,17,407,100.0,100.0,97.7,3,18,1,613,0,462,0,613,441,441,15,136,172,0
Phillip Houston,162943,T,COLORADO,9,100.0,0,143,67.3,57.4,78.2,0,25,367,100.0,100.0,95.2,6,30,5,575,0,0,0,575,397,397,0,575,178,0
Eric King,173275,G,TEMPLE,9,100.0,0,306,57.7,71.9,54.1,3,7,309,100.0,100.0,97.7,4,12,2,559,0,559,0,559,326,326,0,0,233,0
Wisdom Quarshie,98198,G,TEMPLE,8,100.0,0,306,59.3,66.8,54.8,2,6,330,100.0,100.0,98.5,1,9,1,550,0,0,0,550,357,357,550,0,193,0
Earnest Greene III,157074,T,GEORGIA,9,100.0,0,173,58.6,64.4,52.9,5,9,311,100.0,100.0,97.1,1,16,2,528,0,0,524,528,326,326,0,0,202,2
Harris Sewell,170024,G,CLEMSON,11,100.0,0,140,60.4,62.5,58.7,1,6,263,100.0,100.0,97.9,2,9,2,487,31,107,1,487,278,278,344,4,209,0
Monroe Freeling,173548,T,GEORGIA,12,100.0,0,173,74.7,64.5,79.6,2,13,275,100.0,100.0,97.3,2,15,0,485,0,0,298,485,293,293,0,184,192,2
Bob Schick,144103,G,VA TECH,11,100.0,0,337,59.3,66.6,56.5,1,4,226,100.0,100.0,98.9,4,5,0,451,0,450,0,451,238,238,0,0,213,0
Diego Barajas,173257,T,TEMPLE,8,100.0,0,306,51.4,45.5,56.0,4,12,235,100.0,100.0,94.9,3,20,4,449,0,0,190,449,248,248,0,259,201,0
Micah Morris,146718,G,GEORGIA,10,100.0,0,173,70.3,87.1,63.7,1,3,255,100.0,100.0,99.2,1,4,0,428,0,94,0,428,268,268,331,0,160,0
George Sell,123401,G,WAKE,12,100.0,0,339,61.9,67.7,61.1,1,5,240,100.0,100.0,97.9,3,8,2,420,0,193,0,420,255,255,224,0,165,3
Lewis Bond,143817,WR,BOSTON COL,12,51.3,0,121,70.4,,67.8,0,0,0,0.0,0.0,,2,0,0,363,0,0,0,707,0,342,0,0,363,1
Jeremiah Franklin,156225,TE,BOSTON COL,12,68.1,0,121,68.6,49.7,56.4,1,2,34,17.7,17.4,92.6,1,4,1,354,0,0,10,520,35,201,0,4,319,378
Benji Gosnell,157639,TE,VA TECH,12,55.8,0,337,58.3,58.4,36.8,0,2,46,14.8,15.6,95.7,1,3,1,348,0,0,5,624,51,327,1,1,297,386
Dwayne Allick,123530,G,BOSTON COL,12,100.0,0,121,60.7,58.9,59.3,1,4,129,100.0,100.0,97.3,0,6,1,340,13,87,0,340,135,135,239,0,205,0
Jackson Pruitt,162622,G,TEMPLE,6,100.0,0,306,64.2,66.0,62.1,1,8,184,100.0,100.0,96.5,0,11,2,339,0,58,0,339,195,195,281,0,144,0
Kareem Harden,176571,G,COLORADO,9,100.0,1,143,59.1,73.3,60.9,3,6,214,100.0,100.0,97.4,6,10,1,333,0,0,0,333,231,231,333,0,102,0
Reed Harris,175339,TE,BOSTON COL,12,55.3,0,121,61.1,,56.6,0,0,0,0.0,0.0,,1,0,0,313,0,0,0,566,0,253,0,0,313,47
Johnny Garrett,157642,T,VA TECH,11,100.0,0,337,58.5,42.5,65.0,3,7,145,100.0,100.0,95.9,1,11,1,306,0,0,185,306,151,151,0,113,155,7
James Della Pesca,125322,TE,TEMPLE,12,58.5,0,306,51.1,69.6,45.0,0,3,54,21.4,22.4,97.2,3,3,0,297,0,0,0,508,61,272,0,0,236,407
Terrence Enos Jr.,144020,T,PITTSBURGH,8,100.0,0,268,50.4,37.3,59.6,0,10,173,100.0,100.0,96.0,4,12,2,279,0,74,197,279,189,189,0,8,90,0
Cash Cleveland,190781,C,COLORADO,5,100.0,1,143,71.4,81.4,66.6,1,0,185,100.0,100.0,99.7,2,1,0,271,271,0,0,271,200,200,0,0,71,0
Cade Klubnik,156253,QB,CLEMSON,13,31.2,1,140,89.4,62.2,60.1,0,0,1,0.2,0.2,100.0,2,0,0,267,0,0,0,856,1,528,0,0,266,0
Malik Rutherford,143929,WR,GA TECH,12,47.0,0,176,70.3,,49.5,0,0,0,0.0,0.0,,0,0,0,262,0,0,0,558,0,289,0,0,262,4
Brody Meadows,157643,G,VA TECH,9,100.0,0,337,62.9,71.9,59.5,0,1,122,100.0,100.0,98.8,0,2,1,260,0,188,0,260,127,127,72,0,133,0
Chris Smith,173282,C,TEMPLE,5,100.0,0,306,51.0,41.9,53.1,1,7,145,100.0,100.0,96.6,0,9,1,249,249,0,0,249,154,154,0,0,95,0
Antonio Williams,156241,WR,CLEMSON,13,36.3,0,140,75.1,,59.6,0,0,0,0.0,0.0,,1,0,0,243,0,0,0,669,0,421,0,0,243,1
David Wohlabaugh Jr.,146742,T,SYRACUSE,7,100.0,2,304,69.0,81.7,62.4,1,2,153,100.0,100.0,97.7,2,5,2,240,0,0,239,240,164,164,0,0,76,0
Ashton Allen,190652,WR,TEMPLE,12,39.0,0,306,59.3,,57.1,0,0,0,0.0,0.0,,0,0,0,239,0,0,0,613,0,368,0,0,239,0
Oscar Delp,157080,TE,GEORGIA,12,53.4,1,173,53.6,35.2,54.3,1,2,30,13.1,13.3,91.7,1,4,1,238,0,0,1,446,32,240,0,0,206,307
Drew Bobo,163736,C,GEORGIA,9,100.0,0,173,69.9,75.8,65.6,1,3,118,100.0,100.0,98.3,0,4,0,223,183,0,0,223,121,121,39,0,102,1
Raphael Williams Jr.,149997,WR,PITTSBURGH,12,29.3,0,268,51.3,60.9,43.4,0,0,1,0.2,0.2,100.0,2,0,0,213,0,0,0,728,1,516,0,0,212,5
Haynes King,124329,QB,GA TECH,10,36.2,0,176,89.3,62.2,60.1,0,0,1,0.4,0.4,100.0,0,0,0,213,0,0,0,588,1,262,0,0,212,0
Trebor Pena,123051,WR,SYRACUSE,12,28.4,0,304,77.3,,58.2,0,0,0,0.0,0.0,,2,0,0,213,0,0,0,750,0,531,0,0,213,0
CJ Bailey,183349,QB,NC STATE,11,34.8,0,248,73.3,62.2,60.6,0,0,1,0.3,0.3,100.0,1,0,0,213,0,0,0,612,1,356,0,0,212,0
Justin Joly,158620,TE,NC STATE,12,36.6,0,248,70.6,74.4,53.1,0,0,14,4.0,4.0,100.0,0,0,0,209,0,0,1,571,15,377,0,1,194,269
Isaiah Montgomery,162771,T,PITTSBURGH,5,100.0,1,268,45.1,21.2,74.5,5,15,140,100.0,100.0,91.4,4,22,2,208,0,0,12,208,154,154,0,196,54,0
Evan Simon,129906,QB,TEMPLE,9,32.4,1,306,70.3,,60.0,0,0,0,0.0,0.0,,3,0,0,203,0,0,0,626,0,382,0,0,203,0
Kyron Drones,144506,QB,VA TECH,9,36.4,0,337,79.6,,60.2,0,0,0,0.0,0.0,,1,0,0,194,0,0,0,533,0,269,0,0,194,0
Olsen Patt-Henry,170022,TE,CLEMSON,13,66.3,0,140,64.2,71.5,61.8,0,0,33,27.3,27.7,100.0,0,0,0,185,0,0,0,279,36,130,0,0,149,198
Jake Taylor,162702,TE,DUKE,12,49.5,0,154,34.6,37.8,43.3,0,0,43,19.5,20.3,100.0,3,0,0,181,0,0,4,366,47,232,0,0,134,231
Dan Villari,129602,TE,SYRACUSE,12,59.3,0,304,55.7,51.7,56.3,0,1,34,24.1,23.8,98.5,1,1,0,181,0,0,0,305,35,147,1,0,146,207
Micah Mays Jr.,176078,WR,WAKE,12,41.0,0,339,55.7,62.1,62.2,0,0,1,0.4,0.4,100.0,1,0,0,178,0,0,0,434,1,257,0,0,177,1
Dillon Bell,163734,WR,GEORGIA,11,33.8,0,173,66.6,,56.8,0,0,0,0.0,0.0,,0,0,0,175,0,0,0,517,0,333,0,0,175,1
Demond Claiborne,157523,HB,WAKE,12,29.7,0,339,74.9,63.0,55.3,1,5,135,44.3,46.1,96.3,2,8,2,172,0,0,0,580,152,330,0,0,20,3
Sahmir Hagans,143854,WR,DUKE,12,38.4,1,154,62.3,,38.2,0,0,0,0.0,0.0,,1,0,0,167,0,0,0,435,0,268,0,0,167,1
Joe Cruz,158295,G,SYRACUSE,8,100.0,0,304,67.7,65.5,68.2,0,3,98,100.0,100.0,98.5,0,3,0,166,0,130,11,166,108,108,24,0,58,1
T.J. Moore,189369,WR,CLEMSON,13,33.1,0,140,69.5,,55.5,0,0,0,0.0,0.0,,2,0,0,164,0,0,0,496,0,332,0,0,164,0
Sav'ell Smalls,131915,TE,COLORADO,12,57.8,0,143,45.1,62.1,40.6,1,2,30,20.8,22.7,95.0,2,3,0,163,0,0,0,282,35,154,0,0,128,236
Lawson Luckie,173544,TE,GEORGIA,12,40.0,0,173,62.0,56.1,50.9,1,0,17,7.1,6.9,97.1,2,1,0,161,0,0,3,402,18,259,0,0,143,162
Layth Ghannam,174783,G,VA TECH,3,100.0,0,337,49.5,63.6,45.0,0,1,73,100.0,100.0,97.9,0,2,1,160,0,160,0,160,77,77,0,0,83,0
Kenny Johnson,175419,WR,PITTSBURGH,12,29.1,0,268,66.9,,57.0,0,0,0,0.0,0.0,,1,0,0,160,0,0,0,550,0,387,0,0,160,1
Eli Holstein,172381,QB,PITTSBURGH,10,28.1,0,268,63.1,,60.1,0,0,0,0.0,0.0,,0,0,0,158,0,0,0,563,0,374,0,0,158,0
Grayson James,145214,QB,BOSTON COL,5,47.7,0,121,73.1,,60.2,0,0,0,0.0,0.0,,0,0,0,155,0,0,0,325,0,154,0,0,155,0
Micah Sahakian,148757,G,DUKE,4,97.4,0,154,52.8,73.3,48.1,0,1,75,94.9,95.2,99.3,1,1,0,148,0,0,0,152,79,83,117,0,69,35
Harrison Moore,183220,G,GA TECH,10,98.0,0,176,68.9,67.3,69.0,1,0,57,95.0,95.1,99.1,0,1,0,148,3,109,0,151,58,61,0,0,90,36
Ayden Greene,174784,WR,VA TECH,12,48.0,0,337,55.7,,49.4,0,0,0,0.0,0.0,,2,0,0,145,0,0,0,302,0,151,0,0,145,2
Dante Daniels,183360,TE,NC STATE,12,75.4,0,248,60.0,37.3,61.6,0,3,33,44.0,41.3,92.4,2,4,1,144,0,1,3,191,33,80,0,3,111,172
Elyjah Thurmon,183204,T,CLEMSON,7,100.0,0,140,59.9,67.6,61.6,0,2,66,100.0,100.0,98.5,2,2,0,143,0,0,142,143,70,70,0,0,73,1
Bryant Wesco Jr.,183206,WR,CLEMSON,11,32.9,0,140,68.1,,57.0,0,0,0,0.0,0.0,,0,0,0,141,0,0,0,429,0,288,0,0,141,2
Tate Carney,157522,HB,WAKE,12,42.7,0,339,67.9,26.5,52.9,2,7,108,56.5,56.4,92.1,0,13,4,129,0,0,0,302,115,204,0,0,14,1
Harrison Saint Germain,157647,TE,VA TECH,12,69.2,0,337,47.8,51.8,48.8,0,3,19,26.4,26.0,92.1,2,3,0,128,0,0,3,185,20,77,0,3,108,131
Jamal Haynes,143918,HB,GA TECH,12,25.0,0,176,65.5,29.1,48.3,0,2,28,11.4,11.2,96.4,2,2,0,128,0,0,0,513,29,260,0,0,99,0
Jackson Brown,158312,T,PITTSBURGH,4,100.0,0,268,34.5,9.4,57.5,1,4,86,100.0,100.0,92.4,1,9,4,125,0,6,0,125,92,92,0,119,33,0
London Humphreys,172616,WR,GEORGIA,11,42.1,0,173,61.9,60.9,67.1,0,0,1,0.6,0.6,100.0,0,0,0,123,0,0,0,292,1,170,0,0,122,0
Que'Sean Brown,170041,WR,DUKE,12,40.6,0,154,71.4,,63.0,0,0,0,0.0,0.0,,1,0,0,116,0,0,0,286,0,169,0,0,116,2
Keenan Jackson,183362,WR,NC STATE,12,47.9,0,248,61.5,,67.8,0,0,0,0.0,0.0,,2,0,0,116,0,0,0,242,0,126,0,0,116,10
Jamar Taylor Jr.,190673,WR,TEMPLE,8,44.1,0,306,55.2,,66.6,0,0,0,0.0,0.0,,1,0,0,115,0,0,0,261,0,146,0,0,115,1
Noah Rogers,170266,WR,NC STATE,12,32.8,0,248,64.2,,60.1,0,0,0,0.0,0.0,,0,0,0,113,0,0,0,345,0,232,0,0,113,0
Cole Turner,156239,WR,CLEMSON,13,40.1,1,140,63.5,,59.9,0,0,0,0.0,0.0,,2,0,0,111,0,0,0,277,0,162,0,0,111,0
Antonio Jones,167083,WR,TEMPLE,12,33.0,0,306,59.0,,54.1,0,0,0,0.0,0.0,,2,0,0,108,0,0,0,327,0,216,0,0,108,0
Darrell Gill Jr.,176036,WR,SYRACUSE,11,25.8,0,304,62.3,,69.5,0,0,0,0.0,0.0,,0,0,0,107,0,0,0,415,0,306,0,0,107,0
Peter Clarke,173261,TE,TEMPLE,9,72.1,0,306,59.5,65.8,63.2,0,0,15,27.3,31.7,93.3,2,1,1,106,0,0,0,147,19,60,0,1,87,140
Ethan Mackenny,170073,T,GA TECH,4,100.0,0,176,56.3,53.5,56.0,1,0,50,100.0,100.0,99.0,1,1,0,105,0,0,104,105,50,50,0,0,55,1
Matt McCabe,122874,G,NC STATE,6,92.0,0,248,49.2,68.3,49.2,0,1,26,74.3,75.0,98.1,0,1,0,104,0,11,0,113,27,36,0,0,77,96
Jaedn Skeete,175343,WR,BOSTON COL,8,36.1,0,121,61.3,,67.3,0,0,0,0.0,0.0,,0,0,0,103,0,0,0,285,0,182,0,0,103,7
Censere Lee,166543,WR,PITTSBURGH,10,32.9,0,268,59.3,,62.5,0,0,0,0.0,0.0,,3,0,0,101,0,0,0,307,0,206,0,0,101,1
Kevin Cline,123537,T,BOSTON COL,9,100.0,0,121,65.6,63.2,67.7,0,2,36,100.0,100.0,91.7,1,4,2,101,0,2,71,101,38,38,2,23,63,1
Collin Sadler,156251,G,CLEMSON,2,100.0,0,140,59.0,57.9,57.5,0,0,58,100.0,100.0,100.0,1,0,0,97,0,75,0,97,63,63,5,17,34,0
Wesley Grimes,157534,WR,NC STATE,12,32.4,0,248,63.2,,53.3,0,0,0,0.0,0.0,,0,0,0,95,0,0,0,293,0,198,0,0,95,0
John Adams,155846,WR,TEMPLE,12,35.2,1,306,62.2,,60.9,0,0,0,0.0,0.0,,4,0,0,92,0,0,0,261,0,166,0,0,92,0
Adam Randall,156252,WR,CLEMSON,11,38.2,0,140,62.2,,79.4,0,0,0,0.0,0.0,,2,0,0,91,0,0,0,238,0,143,0,0,91,0
Umari Hatcher,144048,WR,SYRACUSE,11,23.1,0,304,58.3,,45.2,0,0,0,0.0,0.0,,1,0,0,83,0,0,0,359,0,276,0,0,83,0
Terrell Anderson,183348,WR,NC STATE,12,44.3,0,248,59.9,,61.5,0,0,0,0.0,0.0,,0,0,0,81,0,0,0,183,0,102,0,0,81,0
Jake Overman,131748,TE,PITTSBURGH,12,33.5,0,268,60.6,53.8,53.4,0,1,7,4.6,4.7,92.9,1,1,0,81,0,0,0,242,8,169,0,0,73,143
Josh Beetham,129407,TE,GA TECH,9,70.3,0,176,57.4,60.1,54.2,0,0,14,31.1,29.8,100.0,0,0,0,78,0,0,1,111,14,47,0,0,64,79
Ben Reznik,157697,T,COLORADO,3,100.0,0,143,58.0,51.7,59.9,1,2,46,100.0,100.0,94.6,0,4,1,71,0,0,0,71,49,49,0,71,22,0
Tony Boggs,170038,G,DUKE,9,97.2,0,154,56.8,30.3,60.1,0,0,13,92.9,86.7,100.0,0,0,0,70,0,0,0,72,13,15,0,0,57,13
Drelon Miller,190790,WR,COLORADO,12,23.6,0,143,63.2,72.5,53.1,0,0,1,0.5,0.5,100.0,0,0,0,69,0,0,0,292,1,220,0,0,68,8
Kendrick Raphael,170378,HB,NC STATE,11,26.9,0,248,67.0,33.1,58.5,0,3,37,28.0,28.6,95.9,0,3,0,67,0,0,0,249,42,147,0,0,25,1
Daniel Evert,184787,TE,TEMPLE,9,37.9,0,306,65.1,60.5,51.3,0,1,7,7.1,6.6,92.9,2,1,0,61,0,0,0,161,7,106,0,0,54,88
Isiah Canion,183213,WR,GA TECH,9,56.5,0,176,53.8,,35.2,0,0,0,0.0,0.0,,2,0,0,61,0,0,0,108,0,47,0,0,61,0
Kajiya Hollawayne,146386,WR,TEMPLE,11,31.7,1,306,51.6,,37.2,0,0,0,0.0,0.0,,1,0,0,58,0,0,0,183,0,124,0,0,58,0
Michael Frogge,123385,TE,WAKE,6,50.0,0,339,42.0,26.2,42.7,0,0,9,14.8,13.4,88.9,0,1,1,58,0,0,1,116,9,67,0,0,49,97
Colbie Young,162739,WR,GEORGIA,5,40.9,0,173,70.2,,71.3,0,0,0,0.0,0.0,,0,0,0,56,0,0,0,137,0,81,0,0,56,0
Chad Alexander,175356,HB,GA TECH,9,30.1,0,176,66.6,31.9,55.6,0,2,14,16.1,16.5,92.9,1,2,0,55,0,0,0,183,15,91,0,0,40,0
Dallan Hayden,162865,HB,COLORADO,10,21.2,0,143,58.1,47.3,47.7,1,0,44,24.9,26.3,94.3,0,3,2,55,0,0,0,259,50,190,0,0,5,0
David Clement,170384,TE,SYRACUSE,7,91.4,0,304,72.2,74.2,72.2,0,0,10,71.4,68.8,100.0,1,0,0,53,0,0,0,58,11,16,0,1,42,51
William Watson III,174771,QB,VA TECH,4,39.6,0,337,69.7,,60.0,0,0,0,0.0,0.0,,0,0,0,53,0,0,0,134,0,67,0,0,53,0
Desmond Reid,159936,HB,PITTSBURGH,10,10.1,0,268,74.8,22.2,56.4,1,2,33,9.9,9.8,92.4,0,4,1,53,0,0,0,524,35,357,0,0,18,0
Forrest Brock,173260,QB,TEMPLE,3,26.4,0,306,60.5,,60.0,0,0,0,0.0,0.0,,1,0,0,52,0,0,0,197,0,125,0,0,52,0
Isaiah Augustave,172398,HB,COLORADO,10,18.7,0,143,73.0,34.3,57.7,0,3,33,19.6,20.1,95.5,1,3,0,52,0,0,0,278,36,179,0,0,16,0
Joquez Smith,173281,HB,TEMPLE,10,32.9,0,306,61.1,66.3,64.5,0,1,36,37.1,35.2,95.8,1,2,1,52,0,0,0,158,37,105,0,0,15,1
Bailey Stockton,175368,WR,GA TECH,12,40.0,0,176,72.7,,57.9,0,0,0,0.0,0.0,,0,0,0,50,0,0,0,125,0,74,0,0,50,0
Josh Sapp,156238,TE,CLEMSON,11,43.1,0,140,53.1,76.9,46.4,0,0,1,1.7,3.1,100.0,2,0,0,47,0,0,0,109,2,64,0,0,45,64
Zeed Haynes,173532,WR,SYRACUSE,2,38.1,0,304,60.1,,62.8,0,0,0,0.0,0.0,,0,0,0,40,0,0,0,105,0,64,0,0,40,0
Justus Ross-Simmons,163334,WR,SYRACUSE,9,27.2,0,304,64.4,,60.1,0,0,0,0.0,0.0,,1,0,0,40,0,0,0,147,0,107,0,0,40,0
Xavier Irvin,173272,WR,TEMPLE,8,38.8,0,306,56.0,,61.7,0,0,0,0.0,0.0,,0,0,0,40,0,0,0,103,0,63,0,0,40,0
Chapman Pendergrass,162688,G,CLEMSON,3,100.0,0,140,62.7,71.6,60.5,0,1,16,100.0,100.0,96.9,0,1,0,39,12,10,0,39,16,16,17,0,23,0
Misun Kelley,170014,WR,CLEMSON,8,46.8,0,140,53.0,,58.3,0,0,0,0.0,0.0,,0,0,0,37,0,0,0,79,0,42,0,0,37,0
Yasin Willis,183381,HB,SYRACUSE,9,29.4,0,304,56.7,67.6,66.3,0,0,24,33.8,34.2,100.0,1,0,0,35,0,0,0,119,25,73,0,0,10,0
Keith Adams Jr.,156236,HB,CLEMSON,8,35.1,0,140,68.9,75.6,65.9,0,1,16,32.0,33.3,96.9,0,1,0,34,0,0,0,97,17,51,0,0,17,1
Jeremiah Coney,174777,HB,VA TECH,8,31.7,0,337,56.9,17.6,59.2,0,2,12,22.2,23.3,91.7,0,2,0,33,0,0,0,104,14,60,0,0,19,0
Enrique Cruz Jr.,144041,T,SYRACUSE,3,100.0,0,304,62.4,70.8,57.0,0,0,21,100.0,100.0,95.2,0,1,1,33,0,0,20,33,23,23,0,13,10,0
Peyton Jones,170051,HB,DUKE,11,16.6,0,154,64.3,21.4,60.0,0,3,25,22.7,24.4,94.0,0,3,0,33,0,0,0,199,29,119,0,0,4,0
Christopher Vizzina,170032,QB,CLEMSON,7,38.8,0,140,59.6,,60.0,0,0,0,0.0,0.0,,0,0,0,33,0,0,0,85,0,43,0,0,33,0
Nate Frazier,191146,HB,GEORGIA,11,12.5,0,173,77.7,68.6,57.0,0,1,14,12.7,13.8,96.4,1,1,0,32,0,0,0,257,16,116,0,0,16,1
Aaron Philo,183222,QB,GA TECH,4,26.5,0,176,91.3,,60.0,0,0,0,0.0,0.0,,1,0,0,31,0,0,0,117,0,79,0,0,31,0
Cash Jones,155211,HB,GEORGIA,12,17.2,0,173,68.5,11.7,57.0,0,3,17,11.8,13.2,91.2,0,3,0,31,0,0,0,180,21,159,0,0,10,2
Dietrick Pennington,144133,G,CLEMSON,1,100.0,0,140,62.8,63.6,62.1,0,1,16,100.0,100.0,96.9,0,1,0,30,0,30,0,30,17,17,0,0,13,0
Matt Ragan,162672,TE,BOSTON COL,1,83.3,0,121,59.5,66.8,71.5,0,0,1,16.7,14.3,100.0,0,0,0,30,0,0,0,36,1,7,0,0,29,30
Max Runyon,176028,FB,SYRACUSE,11,100.0,0,304,53.8,72.8,52.6,0,0,3,100.0,100.0,100.0,0,0,0,29,0,0,0,29,3,3,0,0,26,1
Terrell Timmons Jr.,157423,WR,COLORADO,9,27.7,0,143,45.9,,30.6,0,0,0,0.0,0.0,,0,0,0,28,0,0,0,101,0,73,0,0,28,0
Mason Wade,183205,T,CLEMSON,2,100.0,0,140,46.5,60.5,43.9,1,0,10,100.0,100.0,95.0,0,1,0,28,0,0,0,28,11,11,0,28,17,0
Takye Heath,174787,WR,VA TECH,6,81.8,0,337,61.2,,57.0,0,0,0,0.0,0.0,,0,0,0,27,0,0,0,33,0,5,0,0,27,0
Omarion Miller,171901,WR,COLORADO,6,33.8,0,143,80.9,,76.8,0,0,0,0.0,0.0,,0,0,0,27,0,0,0,80,0,53,0,0,27,0
Vance Bolyard,170039,TE,DUKE,7,69.2,0,154,40.7,68.4,39.5,0,0,1,7.7,7.7,100.0,0,0,0,27,0,0,1,39,1,13,0,0,26,30
Ja'Ricous Hairston,175499,TE,VA TECH,6,93.1,0,337,45.5,60.9,44.9,0,0,1,33.3,33.3,100.0,0,0,0,27,0,0,0,29,1,3,0,0,26,23
Jeremiah Hasley,162696,TE,DUKE,2,48.2,0,154,43.8,73.7,45.1,0,0,5,15.2,14.7,100.0,0,0,0,27,0,0,0,56,5,34,0,0,22,20
Ryan Mickow,175342,T,BOSTON COL,4,100.0,0,121,91.9,81.8,89.8,0,0,4,100.0,100.0,100.0,0,0,0,27,0,0,10,27,5,5,0,15,22,0
Banks Pope,144134,TE,CLEMSON,9,90.0,0,140,67.8,57.4,71.8,0,1,4,57.1,57.1,87.5,0,1,0,27,0,0,1,30,4,7,0,0,23,25
Otto Hess,143826,C,BOSTON COL,4,100.0,0,121,62.6,80.6,60.5,0,0,4,100.0,100.0,100.0,0,0,0,27,25,0,0,27,5,5,0,0,22,0
Jack Funke,162663,G,BOSTON COL,4,100.0,0,121,82.4,81.8,79.8,0,0,4,100.0,100.0,100.0,0,0,0,27,0,0,0,27,5,5,15,10,22,0
Jay Haynes,170010,HB,CLEMSON,11,20.2,0,140,72.9,36.4,56.4,0,0,15,19.0,19.8,100.0,1,0,0,26,0,0,0,129,16,81,0,0,10,0
Daniel Calhoun,184553,G,GEORGIA,3,100.0,0,173,52.2,79.0,49.0,0,0,10,100.0,100.0,100.0,1,0,0,26,0,0,0,26,10,10,26,0,16,0
Zeke Wimbush,174803,TE,VA TECH,6,96.2,0,337,56.4,63.6,54.9,0,0,1,50.0,50.0,100.0,0,0,0,25,0,0,0,26,1,2,0,0,24,19
Eryx Daugherty,175334,G,BOSTON COL,2,100.0,0,121,55.0,77.1,53.6,0,0,4,100.0,100.0,100.0,1,0,0,25,0,25,0,25,4,4,0,0,21,0
Jacobe Robinson,174006,QB,BOSTON COL,2,73.5,0,121,65.5,,60.0,0,0,0,0.0,0.0,,0,0,0,25,0,0,0,34,0,6,0,0,25,0
Mausa Palu,184792,G,TEMPLE,2,100.0,0,306,56.6,83.0,50.7,0,0,13,100.0,100.0,100.0,0,0,0,24,0,19,0,24,14,14,5,0,10,0
Cole Speer,163753,WR,GEORGIA,6,55.8,0,173,65.2,,86.5,0,0,0,0.0,0.0,,0,0,0,24,0,0,0,43,0,19,0,0,24,0
Anthony Carrie,183214,HB,GA TECH,6,28.9,0,176,63.4,82.9,54.8,0,0,6,15.0,15.0,100.0,0,0,0,24,0,0,0,83,6,40,0,0,18,0
Kamen Smith,176005,G,NC STATE,1,100.0,0,248,58.3,79.6,55.8,0,0,7,100.0,100.0,100.0,0,0,0,23,0,0,0,23,8,8,23,0,15,0
Bo Hughley,176330,T,GEORGIA,3,100.0,0,173,71.1,80.1,67.6,0,0,9,100.0,100.0,100.0,0,0,0,23,0,0,17,23,9,9,0,6,14,0
Markus Dixon,170006,TE,CLEMSON,6,82.1,0,140,51.2,24.2,56.9,1,0,2,28.6,28.6,75.0,0,1,0,23,0,0,0,28,2,7,0,0,21,19
Tyler Brown,170003,WR,CLEMSON,5,30.6,0,140,55.1,,57.9,0,0,0,0.0,0.0,,0,0,0,22,0,0,0,72,0,50,0,0,22,0
Turbo Richard,190199,HB,BOSTON COL,7,23.9,0,121,79.2,5.7,56.5,1,2,4,19.0,18.2,62.5,0,3,0,22,0,0,0,92,4,22,0,0,18,0
Tana Alo-Tupuola,183209,C,GA TECH,2,100.0,0,176,74.4,22.7,79.0,0,2,10,100.0,100.0,90.0,0,2,0,22,21,0,0,22,10,10,0,0,12,0
Derrick Davis Jr.,146794,HB,PITTSBURGH,8,19.8,0,268,61.7,73.5,54.6,0,0,13,20.0,18.1,100.0,0,0,0,22,0,0,0,111,13,72,0,0,9,0
Chase Tyler,189398,WR,DUKE,3,73.3,0,154,57.1,,63.9,0,0,0,0.0,0.0,,0,0,0,22,0,0,0,30,0,8,0,0,22,0
Micah Welch,183887,HB,COLORADO,7,13.8,0,143,72.4,46.8,59.9,0,1,16,16.5,16.5,90.6,0,2,1,21,0,0,0,152,18,109,0,0,3,0
Brandon Best,156298,G,GA TECH,2,100.0,0,176,74.4,80.3,73.6,0,0,9,100.0,100.0,100.0,0,0,0,21,0,0,0,21,9,9,20,0,12,0
Benjamin Galloway,170069,T,GA TECH,1,100.0,0,176,80.0,79.8,77.4,0,0,9,100.0,100.0,100.0,0,0,0,20,0,0,0,20,9,9,0,20,11,0
Ashton Locklear,157428,WR,NC STATE,5,57.6,0,248,50.0,,45.9,0,0,0,0.0,0.0,,0,0,0,19,0,0,0,33,0,14,0,0,19,0
Reese Clark,162617,TE,TEMPLE,3,40.4,0,306,37.7,,48.9,0,0,0,0.0,0.0,,0,0,0,19,0,0,0,47,0,28,0,0,19,27
Jaden Reddell,184572,TE,GEORGIA,4,63.3,0,173,62.7,41.6,57.8,0,1,2,15.4,15.4,75.0,0,1,0,19,0,0,0,30,2,13,0,0,17,14
Danny Edgehille,190190,TE,BOSTON COL,2,94.7,0,121,47.8,,46.0,0,0,0,0.0,0.0,,0,0,0,18,0,0,0,19,0,1,0,0,18,7
Ismael Zamor,162680,WR,BOSTON COL,4,66.7,0,121,58.8,,75.8,0,0,0,0.0,0.0,,0,0,0,18,0,0,0,27,0,9,0,0,18,0
Luke Harpring,189418,TE,GA TECH,2,72.0,0,176,75.5,68.7,58.8,0,0,1,12.5,12.5,100.0,0,0,0,18,0,0,0,25,1,8,0,0,17,14
Montavious Cunningham,147281,T,VA TECH,3,100.0,0,337,49.6,74.2,58.9,0,0,3,100.0,100.0,100.0,1,0,0,18,0,0,0,18,3,3,0,17,15,0
Charlie Offerdahl,146314,HB,COLORADO,8,19.3,0,143,66.0,83.0,60.0,0,0,12,21.1,22.4,100.0,0,0,0,17,0,0,0,88,13,58,0,0,4,1
Luke McLaughlin,143833,WR,BOSTON COL,7,50.0,0,121,61.5,,60.6,0,0,0,0.0,0.0,,0,0,0,17,0,0,0,34,0,17,0,0,17,0
Lex Thomas,170381,QB,NC STATE,2,61.5,0,248,60.7,,60.0,0,0,0,0.0,0.0,,0,0,0,16,0,0,0,26,0,8,0,0,16,0
Clay Swinney,156234,WR,CLEMSON,4,69.6,0,140,53.1,,45.4,0,0,0,0.0,0.0,,0,0,0,16,0,0,0,23,0,7,0,0,16,0
Gunner Stockton,157072,QB,GEORGIA,3,42.9,0,173,63.1,,60.0,0,0,0,0.0,0.0,,0,0,0,15,0,0,0,35,0,17,0,0,15,0
Ryan Carretta,175412,G,PITTSBURGH,3,100.0,0,268,63.0,79.8,59.5,0,0,12,100.0,100.0,100.0,0,0,0,15,0,0,0,15,12,12,15,0,3,0
Zae Baines,125316,WR,TEMPLE,2,31.1,0,306,51.9,,56.6,0,0,0,0.0,0.0,,0,0,0,14,0,0,0,45,0,31,0,0,14,0
Juelz Goff,183271,HB,PITTSBURGH,2,18.1,0,268,57.1,20.6,,1,1,11,19.3,21.3,81.8,0,3,1,13,0,0,0,72,13,61,0,0,0,0
Jamal Meriweather,183055,G,GEORGIA,3,100.0,0,173,60.6,74.3,59.3,0,0,3,100.0,100.0,100.0,0,0,0,13,0,10,3,13,3,3,0,0,10,0
Ryan Staub,171906,QB,COLORADO,4,65.0,0,143,33.1,,60.0,0,0,0,0.0,0.0,,0,0,0,13,0,0,0,20,0,7,0,0,13,0
Sam Hart,145065,TE,COLORADO,7,85.7,0,143,65.4,,64.4,0,0,0,0.0,0.0,,0,0,0,12,0,0,0,14,0,2,0,0,12,14
Trelain Maddox,183219,HB,GA TECH,2,27.9,0,176,66.9,15.8,58.0,0,1,3,17.6,17.6,83.3,0,1,0,12,0,0,0,43,3,17,0,0,9,0
Jaquez Moore,143866,HB,DUKE,4,17.9,0,154,59.3,82.6,60.0,0,0,9,22.5,23.8,100.0,0,0,0,12,0,0,0,67,10,42,0,0,2,0
Trevion Mack,176032,T,SYRACUSE,3,100.0,0,304,53.3,40.7,55.9,0,0,5,100.0,100.0,80.0,0,1,1,11,0,0,0,11,5,5,0,8,6,3
Caleb Nitta,174796,C,VA TECH,2,100.0,0,337,58.8,,58.6,0,0,0,,,,0,0,0,11,11,0,0,11,0,0,0,0,11,0
Zion Taylor,170079,WR,GA TECH,3,61.1,0,176,55.1,,61.5,0,0,0,0.0,0.0,,0,0,0,11,0,0,0,18,0,7,0,0,11,0
Zack Owens,170020,G,COLORADO,3,100.0,0,143,62.0,72.5,61.1,0,0,2,100.0,100.0,100.0,0,0,0,11,0,6,0,11,2,2,5,0,9,0
Michael Crounse,175333,G,BOSTON COL,3,100.0,0,121,73.4,63.8,71.4,0,0,0,,100.0,,0,0,0,11,0,0,0,11,1,1,10,0,10,0
Colton Heinrich,184563,TE,GEORGIA,3,73.3,0,173,50.5,65.3,52.9,0,0,1,20.0,20.0,100.0,0,0,0,11,0,0,0,15,1,5,0,0,10,13
Nyier Daniels,184556,T,GEORGIA,1,100.0,0,173,46.4,22.1,51.6,0,1,7,100.0,100.0,92.9,0,1,0,11,0,0,0,11,7,7,0,11,4,0
Michael Uini,184581,G,GEORGIA,2,100.0,0,173,65.4,36.3,66.7,0,0,4,100.0,100.0,100.0,0,0,0,10,0,3,0,10,4,4,7,0,6,0
Nitro Tuggle,184580,WR,GEORGIA,4,27.8,0,173,57.8,,60.7,0,0,0,0.0,0.0,,0,0,0,10,0,0,0,36,0,26,0,0,10,0
Jahzare Jackson,191151,C,GEORGIA,2,100.0,0,173,57.2,74.5,68.7,0,0,4,100.0,100.0,100.0,1,0,0,10,0,0,10,10,4,4,0,0,6,0
David Eziomume,183196,HB,CLEMSON,4,27.8,0,140,67.4,43.3,57.6,0,0,3,17.6,16.7,100.0,0,0,0,10,0,0,0,36,3,18,0,0,7,0
Roderick Robinson II,173542,HB,GEORGIA,1,35.7,0,173,59.1,81.6,59.4,0,0,7,36.8,36.4,100.0,0,0,0,10,0,0,0,28,8,22,0,0,2,0
Rico Jackson,170372,T,NC STATE,1,100.0,0,248,53.3,72.9,51.5,0,0,2,100.0,100.0,100.0,0,0,0,9,0,0,9,9,2,2,0,0,7,0
Chanz Wiggins,184940,WR,VA TECH,2,80.0,0,337,57.9,,60.5,0,0,0,0.0,0.0,,0,0,0,8,0,0,0,10,0,2,0,0,8,0
Trent Pearman,156233,QB,CLEMSON,3,50.0,0,140,67.2,,60.0,0,0,0,0.0,0.0,,1,0,0,8,0,0,0,16,0,5,0,0,8,0
Gemyel Allen,189374,C,DUKE,1,100.0,0,154,56.7,,56.5,0,0,0,,,,0,0,0,8,0,0,0,8,0,0,8,0,8,0
Bradley Smith,189397,C,DUKE,1,100.0,0,154,60.8,,60.6,0,0,0,,,,0,0,0,8,8,0,0,8,0,0,0,0,8,0
Caleb Dorris,170044,T,DUKE,1,100.0,0,154,83.7,,83.8,0,0,0,,,,0,0,0,8,0,0,8,8,0,0,0,0,8,0
Spencer Jones,170052,WR,DUKE,1,100.0,0,154,69.8,,80.7,0,0,0,,,,0,0,0,8,0,0,0,8,0,0,0,0,8,0
Joshua Miller,173550,T,SYRACUSE,1,100.0,0,304,44.3,0.0,60.3,0,2,5,100.0,100.0,80.0,0,2,0,8,0,0,8,8,5,5,0,0,3,0
Tai Ray,175421,T,PITTSBURGH,2,100.0,0,268,55.5,79.5,49.9,0,0,6,100.0,100.0,100.0,0,0,0,8,0,0,8,8,6,6,0,0,2,0
Rylan Vann,157425,C,NC STATE,2,100.0,0,248,56.2,,56.0,0,0,0,,,,0,0,0,8,8,0,0,8,0,0,0,0,8,0
Uber Ajongo,176074,T,WAKE,3,100.0,0,339,60.0,64.2,59.3,0,0,1,100.0,100.0,100.0,0,0,0,8,0,0,5,8,1,1,0,2,7,1
Tank Boston,183354,WR,NC STATE,1,80.0,0,248,58.1,,60.2,0,0,0,0.0,0.0,,0,0,0,8,0,0,0,10,0,2,0,0,8,0
Jeremiah Melvin,183392,WR,WAKE,3,57.1,0,339,55.1,,60.5,0,0,0,0.0,0.0,,0,0,0,8,0,0,0,14,0,6,0,0,8,0
Jaydn Girard,157536,WR,WAKE,2,63.6,0,339,77.4,,59.0,0,0,0,0.0,0.0,,0,0,0,7,0,0,0,11,0,3,0,0,7,0
Jamie Tremble,197056,TE,SYRACUSE,4,63.6,0,304,66.4,,45.0,0,0,0,0.0,0.0,,0,0,0,7,0,0,0,11,0,4,0,0,7,3
Tyler Douglas,173265,QB,TEMPLE,3,21.9,0,306,48.4,70.0,60.0,0,0,1,8.3,8.3,100.0,0,0,0,7,0,0,0,32,1,12,0,0,6,0
Brady Kopetz,157702,TE,COLORADO,5,87.5,0,143,60.1,,61.2,0,0,0,0.0,0.0,,0,0,0,7,0,0,0,8,0,1,0,0,7,8
Christian Bentancur,189360,TE,CLEMSON,2,41.2,0,140,53.0,67.4,53.7,0,0,1,9.1,9.1,100.0,0,0,0,7,0,0,0,17,1,11,0,0,6,9
Ronan O'Connell,183201,G,CLEMSON,1,100.0,0,140,60.2,71.3,59.4,0,0,2,100.0,100.0,100.0,0,0,0,7,0,0,0,7,2,2,7,0,5,0
Tyler Stewart,190671,WR,TEMPLE,3,20.6,0,306,72.2,,59.7,0,0,0,0.0,0.0,,0,0,0,7,0,0,0,34,0,24,0,0,7,0
Sacovie White,184583,WR,GEORGIA,3,30.4,0,173,73.2,,55.0,0,0,0,0.0,0.0,,0,0,0,7,0,0,0,23,0,16,0,0,7,2
Marques Easley,184557,G,GEORGIA,1,100.0,0,173,60.9,74.0,59.8,0,0,4,100.0,100.0,100.0,0,0,0,7,0,7,0,7,4,4,0,0,3,0
Will Nixon,129707,HB,SYRACUSE,3,13.0,0,304,67.5,70.0,60.3,0,0,1,3.8,3.6,100.0,0,0,0,7,0,0,0,54,1,28,0,0,6,0
Bryce Smith,170026,G,CLEMSON,3,100.0,0,140,55.1,70.6,54.7,0,0,1,100.0,100.0,100.0,0,0,0,6,1,5,0,6,1,1,0,0,5,0
Chris Elko,175360,WR,GA TECH,1,54.5,0,176,78.8,,60.6,0,0,0,0.0,0.0,,0,0,0,6,0,0,0,11,0,5,0,0,6,0
Hannes Hammer,174785,T,VA TECH,1,100.0,0,337,66.7,,67.0,0,0,0,,,,0,0,0,6,0,0,6,6,0,0,0,0,6,0
Chauncey Bowens,184550,HB,GEORGIA,4,18.2,0,173,70.3,50.1,60.0,0,0,4,30.8,28.6,100.0,0,0,0,6,0,0,0,33,4,14,0,0,2,0
Yahya Attia,190778,G,COLORADO,1,100.0,0,143,66.9,67.3,65.9,0,0,1,100.0,100.0,100.0,0,0,0,5,0,5,0,5,1,1,0,0,4,0
Jaylan Hornsby,197643,WR,SYRACUSE,3,20.0,0,304,65.2,,59.9,0,0,0,0.0,0.0,,0,0,0,5,0,0,0,25,0,20,0,0,5,0
John Buetow,184927,HB,VA TECH,2,100.0,0,337,60.0,,60.0,0,0,0,,,,0,0,0,5,0,0,0,5,0,0,0,0,5,0
Charlie Johnson,170013,WR,CLEMSON,2,62.5,0,140,56.7,,60.7,0,0,0,0.0,0.0,,0,0,0,5,0,0,0,8,0,3,0,0,5,0
Devin McRae,176075,C,WAKE,2,100.0,0,339,56.8,,56.4,0,0,0,,,,0,0,0,5,3,2,0,5,0,0,0,0,5,0
Peter Woods,170034,ED,CLEMSON,5,100.0,0,140,79.0,,82.9,0,0,0,,,,0,0,0,5,0,0,0,5,0,0,0,0,5,0
Jarvis Green,170007,HB,CLEMSON,4,17.9,0,140,68.6,75.6,59.5,0,0,2,12.5,12.5,100.0,0,0,0,5,0,0,0,28,2,16,0,0,3,0
Brady Clough,190183,TE,BOSTON COL,1,100.0,0,121,44.6,,44.7,0,0,0,,,,0,0,0,5,0,0,0,5,0,0,0,0,5,5
Jaden Hart,183374,HB,SYRACUSE,6,20.0,0,304,52.1,48.8,59.3,0,0,3,16.7,15.0,100.0,0,0,0,5,0,0,0,25,3,20,0,0,2,0
Michael Johnson Jr.,97796,QB,SYRACUSE,1,41.7,0,304,62.7,,60.0,0,0,0,0.0,0.0,,0,0,0,5,0,0,0,12,0,7,0,0,5,0
Tyler Smedley,144105,G,VA TECH,2,100.0,0,337,63.2,,60.0,0,0,0,,,,0,0,0,5,0,5,0,5,0,0,0,0,5,0
Ta'Ron Haile,183373,WR,SYRACUSE,1,36.4,0,304,55.4,,60.0,0,0,0,0.0,0.0,,0,0,0,4,0,0,0,11,0,7,0,0,4,0
Che Nwabuko,162773,HB,PITTSBURGH,4,15.4,0,268,61.6,0.0,60.0,1,1,3,15.8,15.8,66.7,0,2,0,4,0,0,0,26,3,19,0,0,1,0
Isaiah Hardge,171894,WR,COLORADO,5,15.4,0,143,67.3,,39.8,0,0,0,0.0,0.0,,0,0,0,4,0,0,0,26,0,19,0,0,4,1
Henry Belin IV,162693,QB,DUKE,3,28.6,0,154,69.8,,60.0,0,0,0,0.0,0.0,,0,0,0,4,0,0,0,14,0,2,0,0,4,0
Zion Fowler-El,175413,WR,PITTSBURGH,2,36.4,0,268,47.1,,60.5,0,0,0,0.0,0.0,,0,0,0,4,0,0,0,11,0,7,0,0,4,0
Jordan McDonald,158449,HB,BOSTON COL,5,6.0,0,121,87.7,73.7,60.0,0,0,2,14.3,13.3,100.0,0,0,0,4,0,0,0,67,2,15,0,0,2,0
Ty Clark III,190943,HB,WAKE,4,20.0,0,339,62.8,,60.0,0,0,0,0.0,0.0,,0,0,0,4,0,0,0,20,0,3,0,0,4,0
Malachi Thomas,189541,TE,PITTSBURGH,3,19.0,0,268,67.9,64.5,56.8,0,0,1,5.6,5.6,100.0,0,0,0,4,0,0,0,21,1,18,0,0,3,13
Emanuel Ross,193426,WR,SYRACUSE,2,7.1,0,304,63.5,,59.8,0,0,0,0.0,0.0,,0,0,0,3,0,0,0,42,0,39,0,0,3,0
Cole Sprague,142509,WR,TEMPLE,2,37.5,0,306,57.8,,60.0,0,0,0,0.0,0.0,,0,0,0,3,0,0,0,8,0,5,0,0,3,0
Benny Haselrig,175417,WR,PITTSBURGH,2,27.3,0,268,55.7,,60.0,0,0,0,0.0,0.0,,0,0,0,3,0,0,0,11,0,8,0,0,3,0
Yousef Mugharbil,146694,G,NC STATE,1,100.0,0,248,60.5,,60.4,0,0,0,,,,0,0,0,3,0,0,0,3,0,0,3,0,3,0
Branson Robinson,163749,HB,GEORGIA,6,5.3,0,173,68.2,70.0,47.5,0,0,1,3.4,3.4,100.0,0,0,0,3,0,0,0,57,1,29,0,0,2,0
Tyler Mason,184937,HB,VA TECH,1,42.9,0,337,63.9,,60.0,0,0,0,0.0,0.0,,0,0,0,3,0,0,0,7,0,1,0,0,3,0
Will Taylor,184576,WR,GEORGIA,1,100.0,0,173,60.0,,60.0,0,0,0,,,,0,0,0,3,0,0,0,3,0,0,0,0,3,0
Walter Blanchard,184548,WR,GEORGIA,1,100.0,0,173,66.3,,74.6,0,0,0,,,,0,0,0,3,0,0,0,3,0,0,0,0,3,0
Antonio Posadas,176578,TE,COLORADO,1,100.0,0,143,51.1,0.0,60.0,1,0,1,100.0,100.0,50.0,0,1,0,3,0,0,0,3,1,1,0,0,2,2
Collin Drake,157089,QB,GEORGIA,1,100.0,0,173,60.0,,60.0,0,0,0,,,,0,0,0,3,0,0,0,3,0,0,0,0,3,0
Trent Mitchell,183366,C,NC STATE,1,100.0,0,248,59.5,,57.5,0,0,0,,,,0,0,0,3,0,0,3,3,0,0,0,0,3,0
Dominic Deluca,183384,TE,WAKE,2,100.0,0,339,36.4,,38.7,0,0,0,,,,0,0,0,3,0,0,0,3,0,0,0,0,3,3
Jeremy Hecklinski,183388,QB,WAKE,1,100.0,0,339,60.0,,60.0,0,0,0,,,,0,0,0,3,0,0,0,3,0,0,0,0,3,0
Ben Grice,190948,WR,WAKE,1,100.0,0,339,59.3,,58.4,0,0,0,,,,0,0,0,3,0,0,0,3,0,0,0,0,3,0
Josh Kubala,158302,LB,SYRACUSE,2,100.0,0,304,60.0,,60.0,0,0,0,,,,0,0,0,2,0,0,0,2,0,0,0,0,2,0
Derek McDonald,144059,LB,SYRACUSE,2,100.0,0,304,60.0,,60.0,0,0,0,,,,0,0,0,2,0,0,0,2,0,0,0,0,2,0
Hank Lucas,170394,C,WAKE,1,100.0,0,339,60.0,,59.9,0,0,0,,,,0,0,0,2,2,0,0,2,0,0,0,0,2,0
Tyreek Robinson,189539,WR,PITTSBURGH,2,14.3,0,268,67.4,,60.0,0,0,0,0.0,0.0,,0,0,0,2,0,0,0,14,0,12,0,0,2,0
P.J. Prioleau,144099,HB,VA TECH,5,13.3,0,337,82.1,,59.9,0,0,0,0.0,0.0,,0,0,0,2,0,0,0,15,0,5,0,0,2,0
Cameron Monteiro,183274,WR,PITTSBURGH,1,33.3,0,268,55.0,,60.0,0,0,0,0.0,0.0,,0,0,0,2,0,0,0,6,0,4,0,0,2,0
Kaleb Mathis,171898,WR,COLORADO,1,66.7,0,143,58.9,,60.0,0,0,0,0.0,0.0,,0,0,0,2,0,0,0,3,0,1,0,0,2,0
Jonathan Paylor,190869,WR,NC STATE,2,66.7,0,248,72.4,,60.0,0,0,0,,,,0,0,0,2,0,0,0,3,0,0,0,0,2,0
DeMonte Capehart,122144,DI,CLEMSON,2,100.0,0,140,62.0,,69.2,0,0,0,,,,2,0,0,2,0,0,0,2,0,0,0,0,2,2
Ja'Meer Thomas,197632,WR,SYRACUSE,2,22.2,0,304,51.0,,60.0,0,0,0,0.0,0.0,,0,0,0,2,0,0,0,9,0,5,0,0,2,0
Bryant Worrell,190203,LS,BOSTON COL,2,100.0,0,121,60.0,63.8,60.0,0,0,0,,100.0,,0,0,0,2,0,0,0,2,1,1,0,0,1,0
Tyler Mizzell,176068,QB,WAKE,1,100.0,0,339,60.0,,60.0,0,0,0,,,,0,0,0,2,0,0,0,2,0,0,0,0,2,0
George Steih,176076,G,WAKE,1,100.0,0,339,59.9,,57.4,0,0,0,,,,0,0,0,2,0,0,0,2,0,0,0,2,2,0
Keylen Adams,184925,WR,VA TECH,2,50.0,0,337,57.5,,60.0,0,0,0,0.0,0.0,,0,0,0,2,0,0,0,4,0,2,0,0,2,0
Quran Boyd,170040,HB,DUKE,3,28.6,0,154,57.7,,60.0,0,0,0,0.0,0.0,,0,0,0,2,0,0,0,7,0,3,0,0,2,0
Daylon Gordon,143915,HB,GA TECH,1,50.0,0,176,53.2,,59.2,0,0,0,,,,0,0,0,2,0,0,0,4,0,0,0,0,2,0
David Lynch,170120,QB,PITTSBURGH,2,7.7,0,268,64.9,,60.0,0,0,0,0.0,0.0,,0,0,0,1,0,0,0,13,0,12,0,0,1,0
Kyle Louis,162770,LB,PITTSBURGH,1,100.0,0,268,60.0,63.8,,0,0,1,100.0,100.0,100.0,0,0,0,1,0,0,0,1,1,1,0,0,0,0
Isaiah Shirley,170380,ED,NC STATE,1,100.0,0,248,60.0,,60.0,0,0,0,,,,0,0,0,1,0,0,0,1,0,0,0,0,1,1
Liam Connor,162659,K,BOSTON COL,2,50.0,0,121,59.4,,60.0,0,0,0,,0.0,,0,0,0,1,0,0,0,2,0,1,0,0,1,0
Brody Rhodes,143927,QB,GA TECH,1,33.3,0,176,76.3,,60.0,0,0,0,,,,0,0,0,1,0,0,0,3,0,0,0,0,1,0
Caden Fordham,143992,LB,NC STATE,1,100.0,0,248,60.0,,60.0,0,0,0,,,,2,0,0,1,0,0,0,1,0,0,0,0,1,0
Caden Noonkester,144000,P,NC STATE,1,100.0,0,248,60.0,,60.0,0,0,0,,,,0,0,0,1,0,0,0,1,0,0,0,0,1,0
Nick Lapi,144027,LB,PITTSBURGH,1,100.0,0,268,60.0,63.8,,0,0,1,100.0,100.0,100.0,0,0,0,1,0,0,0,1,1,1,0,0,0,0
Devon Marshall,160445,CB,NC STATE,1,100.0,0,248,60.0,,60.0,0,0,0,,,,2,0,0,1,0,0,0,1,0,0,0,0,1,0
Jake Mann,144641,LS,NC STATE,1,100.0,0,248,60.0,,60.0,0,0,0,,,,0,0,0,1,0,0,0,1,0,0,0,0,1,0
Carter Clark,158294,TE,SYRACUSE,1,100.0,0,304,60.0,,59.1,0,0,0,,,,0,0,0,1,0,0,0,1,0,0,0,0,1,1
Jason Moore,122491,DI,GA TECH,1,100.0,0,176,60.0,,60.0,0,0,0,,,,0,0,0,1,0,0,0,1,0,0,0,0,1,0
Cole Reemsnyder,174798,TE,VA TECH,1,100.0,0,337,60.0,,60.0,0,0,0,,,,0,0,0,1,0,0,0,1,0,0,0,0,1,1
Jordan van den Berg,145085,DI,GA TECH,1,100.0,0,176,60.0,,60.0,0,0,0,,,,0,0,0,1,0,0,0,1,0,0,0,0,1,0
John Love,157659,K,VA TECH,1,100.0,0,337,60.0,60.9,,0,0,1,100.0,100.0,100.0,0,0,0,1,0,0,0,1,1,1,0,0,0,0
Christian Epling,157646,LS,VA TECH,1,100.0,0,337,60.0,60.9,,0,0,1,100.0,100.0,100.0,0,0,0,1,0,0,0,1,1,1,0,0,0,0
Anthony Ferrucci,175337,HB,BOSTON COL,1,100.0,0,121,60.0,,60.0,0,0,0,,,,0,0,0,1,0,0,0,1,0,0,0,0,1,0
Datrell Jones,175341,HB,BOSTON COL,3,7.7,0,121,75.6,,60.0,0,0,0,0.0,0.0,,0,0,0,1,0,0,0,13,0,2,0,0,1,0
Cruce Brookins,175409,S,PITTSBURGH,1,100.0,0,268,60.0,63.8,,0,0,1,100.0,100.0,100.0,2,0,0,1,0,0,0,1,1,1,0,0,0,0
Jackson Vick,157406,CB,NC STATE,1,100.0,0,248,60.0,,60.0,0,0,0,,,,0,0,0,1,0,0,0,1,0,0,0,0,1,0
Zyian Moultrie-Goddard,176040,LB,SYRACUSE,1,100.0,0,304,60.0,,60.0,0,0,0,,,,0,0,0,1,0,0,0,1,0,0,0,0,1,0
Grant Karczewski,176090,G,VA TECH,1,100.0,0,337,60.0,,60.0,0,0,0,,,,0,0,0,1,0,1,0,1,0,0,0,0,1,0
Chase Byrd,183193,WR,CLEMSON,1,50.0,0,140,59.2,,60.0,0,0,0,0.0,0.0,,0,0,0,1,0,0,0,2,0,1,0,0,1,0
Jayden Scott,183347,HB,NC STATE,1,16.7,0,248,55.6,,60.0,0,0,0,0.0,0.0,,0,0,0,1,0,0,0,6,0,2,0,0,1,0
Christian Zachary,183370,WR,NC STATE,1,100.0,0,248,60.0,,60.0,0,0,0,,,,0,0,0,1,0,0,0,1,0,0,0,0,1,0
Braheem Long Jr.,183376,S,SYRACUSE,1,100.0,0,304,60.0,,60.0,0,0,0,,,,0,0,0,1,0,0,0,1,0,0,0,0,1,0
Aidan Birr,156297,K,GA TECH,1,100.0,0,176,60.0,,60.0,0,0,0,,,,0,0,0,1,0,0,0,1,0,0,0,0,1,0
Elijah Haughawout,184932,G,VA TECH,1,100.0,0,337,60.0,,60.0,0,0,0,,,,0,0,0,1,0,0,0,1,0,0,1,0,1,0
Nilay Upadhyayula,90279,LS,PITTSBURGH,1,100.0,0,268,60.0,63.8,,0,0,1,100.0,100.0,100.0,0,0,0,1,0,0,0,1,1,1,0,0,0,0
Clark Sanderson,189371,WR,CLEMSON,1,100.0,0,140,60.0,,60.0,0,0,0,,,,0,0,0,1,0,0,0,1,0,0,0,0,1,0
Jack Stonehouse,146897,P,SYRACUSE,2,50.0,0,304,60.4,,60.0,0,0,0,,,,0,0,0,1,0,0,0,2,0,0,0,0,1,0
Bryson Goodwin,190661,WR,TEMPLE,1,33.3,0,306,58.2,,60.0,0,0,0,0.0,0.0,,0,0,0,1,0,0,0,3,0,2,0,0,1,0
Darius Morant,190665,HB,TEMPLE,1,100.0,0,306,60.0,0.0,,0,1,1,100.0,100.0,50.0,0,1,0,1,0,0,0,1,1,1,0,0,0,0
Dwight Phillips Jr.,191156,HB,GEORGIA,4,8.3,0,173,69.4,,60.0,0,0,0,0.0,0.0,,0,0,0,1,0,0,0,12,0,6,0,0,1,0
